Unnamed: 0,scenario_id,title,description,category,listing_price,buyer_target,seller_target,outcome,accepted_price,transcript,prices,actions,transcript_display,bias,aggressiveness,fairness,dialogue_length,bias_cond_dialogue_length,rel_efficiency,probing_ratio,concession_rate,rel_eff
0,09aea678-c5cd-4967-8a2f-b650f3520c55,Verizon Car Charger with Dual Output Micro USB and LED Light,Charge two devices simultaneously on the go. This vehicle charger with an additional USB port delivers enough power to charge two devices at once. The push-button activated LED connector light means no more fumbling in the dark trying to connect your device. Auto Detect IC Technology automatically detects the device type and its specific charging needs for improved compatibility. And the built-in indicator light illuminates red to let you know the charger is receiving power and the power socket is working properly.,phone,10.0,7.0,10.0,Accepted,7.5,"	Buyer: Hi, I'm interested in the Verizon Car Charger with Dual Output Micro USB and LED Light. Can we discuss the price?
	Seller: Nice to discuss the price with you, the charger is fixed at twelve dollars.
	Buyer: That's a bit too high.
	Seller: I understand you think it's a bit high, so I'm willing to meet you halfway at $9.
	Buyer: I appreciate the willingness to lower the price, but I can only go up to $7.
	Seller: I can go up to $8.
	Buyer: I think we're getting close, but $8 is still a bit too high for me. How about $7.50?
	Seller: I'll meet you at $7.5.
	Buyer: Alright, $7.5 is acceptable to me.
","[-1.0, -1.0, -1.0, 9.0, 7.0, 8.0, 8.0, 7.5, 7.5]","['intro', 'intro', 'disagree', 'offer', 'counter-price', 'counter-price', 'counter-price', 'offer', 'agree']","
      =================================================================================================
      Negotiation for: <Verizon Car Charger with Dual Output Micro USB and LED Light>
      =================================================================================================
      	Buyer: Hi, I'm interested in the Verizon Car Charger with Dual Output Micro USB and LED Light. Can we discuss the price?
	Seller: Nice to discuss the price with you, the charger is fixed at twelve dollars.
	Buyer: That's a bit too high.
	Seller: I understand you think it's a bit high, so I'm willing to meet you halfway at $9.
	Buyer: I appreciate the willingness to lower the price, but I can only go up to $7.
	Seller: I can go up to $8.
	Buyer: I think we're getting close, but $8 is still a bit too high for me. How about $7.50?
	Seller: I'll meet you at $7.5.
	Buyer: Alright, $7.5 is acceptable to me.
      ~~~~~~~~~~~~~~~~~~~~~~~~~~~~~~~~~~~~~~~~~~~~~~~~~~~~~~~~~~~~~~~~~~~~~~~~~~~~~~~~~~~~~~~~~~~~~~~~~
      Outcome: Accepted
      Agreed Price: 7.5
      =================================================================================================
      ",0.6666666666666667,0.25,0.3333333333333333,9,0.074074074074074,0.037037037037037035,0.0,0.5833333333333334,0.037037037037037
1,e5cd53dc-424c-4197-8eb8-ed8861b19e0d,Long board custom bilt from the board up,Hey there cl I have a long board for sale pretty much brand knew rode all together 4 or 5 times . The brand on the deck is a gravity skateboard. The brand of trucks are sidewinder 2sGuwuing.mini monster hawgs 70mm 78a Wheels with Swiss bones bearings brand new. Please no low ballers thank you and have a great day .,bike,200.0,120.0,200.0,Rejected,,"	Buyer: I'm interested in your long board for sale. It looks like it's in great condition.
	Seller: That's great to hear, thank you. The deck is indeed in excellent condition, and I've taken great care of it. What are you looking for in a long board? Are you a seasoned skater or just starting out?
	Buyer: I'm looking for something affordable, ideally under $120.
	Seller: I can definitely understand that, but considering the condition and the brand new wheels and bearings, I was thinking more along the lines of $150-$180. Would you be willing to meet me in the middle at $155?
	Buyer: I can go up to $140.
	Seller: I can meet you at $160, that's the lowest I can go.
	Buyer: $145.
	Seller: How about $165?
	Buyer: I can meet you at $150.
	Seller: I think we're really close now, how about $165?
	Buyer: I think the lowest I would want to go is $157.
	Seller: I can do $158.
	Buyer: I can go up to $159.
	Seller: How about we meet at $155?
	Buyer: I think the lowest I would want to go is $157.
","[-1.0, -1.0, -1.0, 150.0, 140.0, 160.0, 145.0, 165.0, 150.0, 165.0, 157.0, 158.0, 159.0, 155.0, 157.0]","['intro', 'inquire', 'inform', 'counter-price', 'counter-price', 'counter-price', 'counter-price', 'offer', 'counter-price', 'offer', 'counter-price', 'offer', 'counter-price', 'offer', 'counter-price']","
      =================================================================================================
      Negotiation for: <Long board custom bilt from the board up>
      =================================================================================================
      	Buyer: I'm interested in your long board for sale. It looks like it's in great condition.
	Seller: That's great to hear, thank you. The deck is indeed in excellent condition, and I've taken great care of it. What are you looking for in a long board? Are you a seasoned skater or just starting out?
	Buyer: I'm looking for something affordable, ideally under $120.
	Seller: I can definitely understand that, but considering the condition and the brand new wheels and bearings, I was thinking more along the lines of $150-$180. Would you be willing to meet me in the middle at $155?
	Buyer: I can go up to $140.
	Seller: I can meet you at $160, that's the lowest I can go.
	Buyer: $145.
	Seller: How about $165?
	Buyer: I can meet you at $150.
	Seller: I think we're really close now, how about $165?
	Buyer: I think the lowest I would want to go is $157.
	Seller: I can do $158.
	Buyer: I can go up to $159.
	Seller: How about we meet at $155?
	Buyer: I think the lowest I would want to go is $157.
      ~~~~~~~~~~~~~~~~~~~~~~~~~~~~~~~~~~~~~~~~~~~~~~~~~~~~~~~~~~~~~~~~~~~~~~~~~~~~~~~~~~~~~~~~~~~~~~~~~
      Outcome: Rejected
      Agreed Price: N/A
      =================================================================================================
      ",,,,15,,,0.0666666666666666,9.25,
2,02cfdc52-9530-4ac7-97fa-e4055cd0b6d0,Sectional Couch,I am remodeling my space and selling a beautiful custom modern terra cotta color sectional couch. It is in like-new condition and can be taken apart in two pieces while transporting. Absolutely no wear or tear in a non-smoking home. I am located in the Sunset district of SF. Please email if you are interested in seeing it. Thank you!,furniture,585.0,444.0,585.0,Rejected,,"	Buyer: Hi, I'm interested in your custom modern terra cotta color sectional couch. What's the current price for it?
	Seller: The current price for the sectional couch is $585.
	Buyer: What's the highest price you'd be willing to accept for it?
	Seller: I was thinking more along the lines of $500 to $550, considering its like-new condition and the fact that it's in two pieces for transportation.
	Buyer: I could do $475 for it.
	Seller: I think I can do $525, considering it's in like-new condition and the transportation benefits.
	Buyer: I could do $499, but that's as low as I can go.
	Seller: I think I can do $528, considering it's a great deal for a like-new item.
	Buyer: I can do $479.
	Seller: I can do $520 for the sectional couch, but I'm willing to meet you halfway if you're open to negotiations.
	Buyer: $509
	Seller: I think $522 could be a fair price considering the item's condition and transportation benefits.
	Buyer: I could go up to $491 but that's as high as I can go.
	Seller: I was thinking $515, considering the transportation benefits and the item's condition.
	Buyer: I could do $480.
","[-1.0, -1.0, -1.0, 500.0, 475.0, 525.0, 499.0, 528.0, 479.0, 520.0, 509.0, 522.0, 491.0, 515.0, 480.0]","['intro', 'inform', 'inquire', 'init-price', 'counter-price', 'counter-price', 'counter-price', 'offer', 'counter-price', 'offer', 'counter-price', 'offer', 'counter-price', 'offer', 'offer']","
      =================================================================================================
      Negotiation for: <Sectional Couch>
      =================================================================================================
      	Buyer: Hi, I'm interested in your custom modern terra cotta color sectional couch. What's the current price for it?
	Seller: The current price for the sectional couch is $585.
	Buyer: What's the highest price you'd be willing to accept for it?
	Seller: I was thinking more along the lines of $500 to $550, considering its like-new condition and the fact that it's in two pieces for transportation.
	Buyer: I could do $475 for it.
	Seller: I think I can do $525, considering it's in like-new condition and the transportation benefits.
	Buyer: I could do $499, but that's as low as I can go.
	Seller: I think I can do $528, considering it's a great deal for a like-new item.
	Buyer: I can do $479.
	Seller: I can do $520 for the sectional couch, but I'm willing to meet you halfway if you're open to negotiations.
	Buyer: $509
	Seller: I think $522 could be a fair price considering the item's condition and transportation benefits.
	Buyer: I could go up to $491 but that's as high as I can go.
	Seller: I was thinking $515, considering the transportation benefits and the item's condition.
	Buyer: I could do $480.
      ~~~~~~~~~~~~~~~~~~~~~~~~~~~~~~~~~~~~~~~~~~~~~~~~~~~~~~~~~~~~~~~~~~~~~~~~~~~~~~~~~~~~~~~~~~~~~~~~~
      Outcome: Rejected
      Agreed Price: N/A
      =================================================================================================
      ",,,,15,,,0.0666666666666666,27.833333333333332,
3,8ba14ae4-1de2-4551-9959-d95d54141be5,2006 Toyota 4Runner 4WD - Only 106k Miles - Clean Title,"Selling my 2006 Toyota 4 Runner with only 106k original miles. The truck is in great condition with no mechanical flaws whatsoever and a clean accident history. Got new tires about 3,000 miles ago. Always has the oil changed on time (due in about 1k). Just got a thorough cleaning inside and a wash and wax outside (still wet in the photos). This truck has never been offroad, but the 4WD is working perfectly from the few times we've been up to Tahoe in it. However, it's a 10+ year old truck that's been driven, not babied and garaged all the time. It's got some scratches, paint is not perfect, but zero body damage.",car,14500.0,8700.0,14500.0,Accepted,10900.0,"	Buyer: Hi, I'm interested in the 2006 Toyota 4Runner. I'd like to start the negotiation with an offer of $8,500.
	Seller: I can see you're serious about buying the 4Runner, but I was thinking more along the lines of $13,800.
	Buyer: I appreciate your initial offer, but $8,500 is too low.  However, I can meet you halfway at $10,400.
	Seller: I understand where you're coming from, but since the truck has a clean title and is in great condition, I was thinking more along the lines of $12,200.
	Buyer: How about $10,000?
	Seller: That's still a bit below my target, but I'm willing to meet you at $11,000.
	Buyer: That's still a bit above my target. I'd be willing to meet you at $10,500.
	Seller: I can go up to $11,200, but that's as high as I'm willing to go.
	Buyer: I can do $10,800.
	Seller: I can do $11,100.
	Buyer: $10,900.
	Seller: Eh, fine. $10,900.
","[8500.0, 13800.0, 8500.0, 12200.0, 10000.0, 11000.0, 10500.0, 11200.0, 10800.0, 11100.0, 10900.0, 10900.0]","['init-price', 'counter-price', 'counter-price', 'counter-price', 'offer', 'counter-price', 'counter-price', 'counter-price', 'counter-price', 'offer', 'counter-price', 'accept']","
      =================================================================================================
      Negotiation for: <2006 Toyota 4Runner 4WD - Only 106k Miles - Clean Title>
      =================================================================================================
      	Buyer: Hi, I'm interested in the 2006 Toyota 4Runner. I'd like to start the negotiation with an offer of $8,500.
	Seller: I can see you're serious about buying the 4Runner, but I was thinking more along the lines of $13,800.
	Buyer: I appreciate your initial offer, but $8,500 is too low.  However, I can meet you halfway at $10,400.
	Seller: I understand where you're coming from, but since the truck has a clean title and is in great condition, I was thinking more along the lines of $12,200.
	Buyer: How about $10,000?
	Seller: That's still a bit below my target, but I'm willing to meet you at $11,000.
	Buyer: That's still a bit above my target. I'd be willing to meet you at $10,500.
	Seller: I can go up to $11,200, but that's as high as I'm willing to go.
	Buyer: I can do $10,800.
	Seller: I can do $11,100.
	Buyer: $10,900.
	Seller: Eh, fine. $10,900.
      ~~~~~~~~~~~~~~~~~~~~~~~~~~~~~~~~~~~~~~~~~~~~~~~~~~~~~~~~~~~~~~~~~~~~~~~~~~~~~~~~~~~~~~~~~~~~~~~~~
      Outcome: Accepted
      Agreed Price: 10900.0
      =================================================================================================
      ",0.2413793103448276,0.2482758620689655,0.7586206896551724,12,0.0201149425287356,0.0632183908045977,0.0,1633.3333333333333,0.0632183908045977
4,cbd117d3-ebb8-4b5d-9817-905e351a2368,Wooden FULL SIZED Futon w/ 2 Slip Covers $125 obo,Just bought on craigslist a few months ago. was exactly what I was looking for but ended up being a tight fit for the space. Classic design. comes with all white slip cover and dove grey slip cover.,furniture,125.0,95.0,125.0,Accepted,95.0,"	Buyer: Hi, I'm interested in buying the wooden full-sized futon with the two slip covers. It looks like a great piece of furniture.
	Seller: I completely agree, it's a classic design and a great piece of furniture. As for the price, I was thinking more along the lines of $90.
	Buyer: That's a bit above my target, can you consider $85?
	Seller: I can do $100, but I'm willing to meet you halfway at $97.5.
	Buyer: $92.5
	Seller: How about $95?
	Buyer: I'm not sure, can you do $95.
	Seller: I can do $95.
	Buyer: Alright, $95 is fine.
","[-1.0, 90.0, 85.0, 100.0, 92.5, 95.0, 95.0, 95.0, 95.0]","['intro', 'init-price', 'counter-price', 'offer', 'counter-price', 'offer', 'counter-price', 'counter-price', 'agree']","
      =================================================================================================
      Negotiation for: <Wooden FULL SIZED Futon w/ 2 Slip Covers $125 obo>
      =================================================================================================
      	Buyer: Hi, I'm interested in buying the wooden full-sized futon with the two slip covers. It looks like a great piece of furniture.
	Seller: I completely agree, it's a classic design and a great piece of furniture. As for the price, I was thinking more along the lines of $90.
	Buyer: That's a bit above my target, can you consider $85?
	Seller: I can do $100, but I'm willing to meet you halfway at $97.5.
	Buyer: $92.5
	Seller: How about $95?
	Buyer: I'm not sure, can you do $95.
	Seller: I can do $95.
	Buyer: Alright, $95 is fine.
      ~~~~~~~~~~~~~~~~~~~~~~~~~~~~~~~~~~~~~~~~~~~~~~~~~~~~~~~~~~~~~~~~~~~~~~~~~~~~~~~~~~~~~~~~~~~~~~~~~
      Outcome: Accepted
      Agreed Price: 95.0
      =================================================================================================
      ",1.0,0.24,0.0,9,0.1111111111111111,0.0,0.0,3.75,0.0
5,15a0be73-0d95-4adb-9231-b3e0e0a687b3,Brand NEW SanDisk ULTRA MicroSDXC 200GB,"I have a brand new unopened microSD card. Great for Android users, Nintendo Switch, 3DS and GoPro cameras, and beyond.",electronics,75.0,69.0,75.0,Accepted,60.0,"	Buyer: Hi, I'm interested in buying the Brand NEW SanDisk ULTRA MicroSDXC 200GB.
	Seller: I can let it go for $60, it's a great deal considering it's brand new and unopened.
	Buyer: I appreciate that, but I was thinking more like $55.
	Seller: I can do $58, but that's as low as I can go, considering I just restocked them and want to make a decent profit.
	Buyer: I can go up to $57.
	Seller: I could do $62, considering I just restocked them and want to maintain a decent margin.
	Buyer: I can do $60.
	Seller: That's a great price, how about we meet in the middle at $65?
	Buyer: I don't think we're that close, how about $61?
	Seller: I was thinking more along the lines of $62, it's still a great price considering the seller just restocked them and wants to maintain a decent margin.
	Buyer: I'm close to $60, I think we can agree on $5 less than what you suggested.
	Seller: Eh, fine. $60.
","[-1.0, 60.0, 55.0, 58.0, 57.0, 62.0, 60.0, 65.0, 61.0, 62.0, 60.0, 60.0]","['intro', 'offer', 'counter-price', 'counter-price', 'offer', 'offer', 'offer', 'offer', 'counter-price', 'offer', 'counter-price', 'accept']","
      =================================================================================================
      Negotiation for: <Brand NEW SanDisk ULTRA MicroSDXC 200GB>
      =================================================================================================
      	Buyer: Hi, I'm interested in buying the Brand NEW SanDisk ULTRA MicroSDXC 200GB.
	Seller: I can let it go for $60, it's a great deal considering it's brand new and unopened.
	Buyer: I appreciate that, but I was thinking more like $55.
	Seller: I can do $58, but that's as low as I can go, considering I just restocked them and want to make a decent profit.
	Buyer: I can go up to $57.
	Seller: I could do $62, considering I just restocked them and want to maintain a decent margin.
	Buyer: I can do $60.
	Seller: That's a great price, how about we meet in the middle at $65?
	Buyer: I don't think we're that close, how about $61?
	Seller: I was thinking more along the lines of $62, it's still a great price considering the seller just restocked them and wants to maintain a decent margin.
	Buyer: I'm close to $60, I think we can agree on $5 less than what you suggested.
	Seller: Eh, fine. $60.
      ~~~~~~~~~~~~~~~~~~~~~~~~~~~~~~~~~~~~~~~~~~~~~~~~~~~~~~~~~~~~~~~~~~~~~~~~~~~~~~~~~~~~~~~~~~~~~~~~~
      Outcome: Accepted
      Agreed Price: 60.0
      =================================================================================================
      ",4.0,0.2,-3.0,12,0.3333333333333333,0.25,0.0,2.5454545454545454,0.25
6,69a2d2b0-e339-45bc-8e00-9ff69db0d124,Bose Soundlink 3 brand new,"Brand new never use, i got it has a gift but i am using sonos system.",electronics,220.0,132.0,220.0,Accepted,132.0,"	Buyer: Hi, I'm interested in buying the Bose Soundlink 3 brand new from you. Can you tell me more about it?
	Seller: Absolutely, the Bose Soundlink 3 is a fantastic speaker, perfect for outdoor and indoor use, it's lightweight, compact, and has great sound quality, comes with a carrying case and warranty, never used, still sealed in its packaging.
	Buyer: Great, I think I have a good idea about the speaker. My target price for it is $132, would you be willing to sell it to me for that price?
	Seller: That's a reasonable offer, and I think we can work with that. I'm willing to sell it to you for $132.
","[-1.0, -1.0, -1.0, 132.0]","['intro', 'inform', 'inform', 'accept']","
      =================================================================================================
      Negotiation for: <Bose Soundlink 3 brand new>
      =================================================================================================
      	Buyer: Hi, I'm interested in buying the Bose Soundlink 3 brand new from you. Can you tell me more about it?
	Seller: Absolutely, the Bose Soundlink 3 is a fantastic speaker, perfect for outdoor and indoor use, it's lightweight, compact, and has great sound quality, comes with a carrying case and warranty, never used, still sealed in its packaging.
	Buyer: Great, I think I have a good idea about the speaker. My target price for it is $132, would you be willing to sell it to me for that price?
	Seller: That's a reasonable offer, and I think we can work with that. I'm willing to sell it to you for $132.
      ~~~~~~~~~~~~~~~~~~~~~~~~~~~~~~~~~~~~~~~~~~~~~~~~~~~~~~~~~~~~~~~~~~~~~~~~~~~~~~~~~~~~~~~~~~~~~~~~~
      Outcome: Accepted
      Agreed Price: 132.0
      =================================================================================================
      ",1.0,0.4,0.0,4,0.25,0.0,0.0,,0.0
7,ff3d27d6-5a0d-4908-9df4-ecf8b2b279aa,Apple iPhone 5S 16gb Space Gray,"Apple iPhone 5S 16gb Space Gray,Like New Condition (no scratches anywhere),Will be reset to factory specs before sale",phone,160.0,121.0,160.0,Accepted,140.0,"	Buyer: Hi, I'm interested in buying the Apple iPhone 5S 16gb Space Gray you have listed. Can you tell me more about it?
	Seller: It's an Apple iPhone 5S 16gb Space Gray, in like new condition, with no scratches anywhere. It will be reset to factory specs before sale.
	Buyer: That's a great description. I've checked the listing price, and it's $160. Is that your lowest price?
	Seller: I can do $155 for it, considering it's in like new condition.
	Buyer: I'm not sure I can go that high, how about $141?
	Seller: I think we can meet in the middle, how about $151?
	Buyer: I can do $145.
	Seller: That's still a bit higher than I'm comfortable with, can we meet at $143?
	Buyer: I can do $140.
	Seller: Eh, fine. $140.
","[-1.0, -1.0, -1.0, 155.0, 141.0, 151.0, 145.0, 143.0, 140.0, 140.0]","['intro', 'inform', 'inform', 'offer', 'offer', 'counter-price', 'counter-price', 'counter-price', 'counter-price', 'accept']","
      =================================================================================================
      Negotiation for: <Apple iPhone 5S 16gb Space Gray>
      =================================================================================================
      	Buyer: Hi, I'm interested in buying the Apple iPhone 5S 16gb Space Gray you have listed. Can you tell me more about it?
	Seller: It's an Apple iPhone 5S 16gb Space Gray, in like new condition, with no scratches anywhere. It will be reset to factory specs before sale.
	Buyer: That's a great description. I've checked the listing price, and it's $160. Is that your lowest price?
	Seller: I can do $155 for it, considering it's in like new condition.
	Buyer: I'm not sure I can go that high, how about $141?
	Seller: I think we can meet in the middle, how about $151?
	Buyer: I can do $145.
	Seller: That's still a bit higher than I'm comfortable with, can we meet at $143?
	Buyer: I can do $140.
	Seller: Eh, fine. $140.
      ~~~~~~~~~~~~~~~~~~~~~~~~~~~~~~~~~~~~~~~~~~~~~~~~~~~~~~~~~~~~~~~~~~~~~~~~~~~~~~~~~~~~~~~~~~~~~~~~~
      Outcome: Accepted
      Agreed Price: 140.0
      =================================================================================================
      ",0.0256410256410255,0.125,0.9743589743589745,10,0.0025641025641025,0.09743589743589745,0.0,5.0,0.0974358974358974
8,8d7a36d0-3926-4ef7-be9d-b1dbee2b2d15,Steel Frame Colnago,Rare and classic 62cm Steel Frame Colnago!! It's made and designed for the tall/ large man. Campanella components. Saddle is on my Cannondale. It was turned up about 25 miles of riding ago.,bike,600.0,456.0,600.0,Accepted,508.0,"	Buyer: Hi, I'm interested in the Colnago bike you have for sale. Can we discuss the price?
	Seller: Yes, absolutely! The Steel Frame Colnago is a rare find, and I'm happy to discuss the price with you.
	Buyer: I'm really interested in it, but $600 is a bit above my budget. Would you consider selling it to me for $456?
	Seller: I can see you're a serious buyer, but I need to make a living. I can do $540, and that's as low as I can go.
	Buyer: $480 is the lowest I can offer.
	Seller: I can do $520, and that's still a good deal considering the bike's condition and rarity.
	Buyer: I think the lowest I would want to go is $500.
	Seller: I can do $515, and that's still a bit below the market value considering the bike's condition, but I'm willing to make a deal.
	Buyer: I can go up to $508.
	Seller: Alright, $508 it is.
","[-1.0, -1.0, 600.0, 540.0, 480.0, 520.0, 500.0, 515.0, 508.0, 508.0]","['intro', 'intro', 'init-price', 'offer', 'counter-price', 'offer', 'counter-price', 'offer', 'counter-price', 'accept']","
      =================================================================================================
      Negotiation for: <Steel Frame Colnago>
      =================================================================================================
      	Buyer: Hi, I'm interested in the Colnago bike you have for sale. Can we discuss the price?
	Seller: Yes, absolutely! The Steel Frame Colnago is a rare find, and I'm happy to discuss the price with you.
	Buyer: I'm really interested in it, but $600 is a bit above my budget. Would you consider selling it to me for $456?
	Seller: I can see you're a serious buyer, but I need to make a living. I can do $540, and that's as low as I can go.
	Buyer: $480 is the lowest I can offer.
	Seller: I can do $520, and that's still a good deal considering the bike's condition and rarity.
	Buyer: I think the lowest I would want to go is $500.
	Seller: I can do $515, and that's still a bit below the market value considering the bike's condition, but I'm willing to make a deal.
	Buyer: I can go up to $508.
	Seller: Alright, $508 it is.
      ~~~~~~~~~~~~~~~~~~~~~~~~~~~~~~~~~~~~~~~~~~~~~~~~~~~~~~~~~~~~~~~~~~~~~~~~~~~~~~~~~~~~~~~~~~~~~~~~~
      Outcome: Accepted
      Agreed Price: 508.0
      =================================================================================================
      ",0.2777777777777777,0.1533333333333333,0.7222222222222222,10,0.0277777777777777,0.07222222222222222,0.0,25.25,0.0722222222222222
9,28281abc-4e98-4748-bab4-1e095d8d68bf,Beautiful 1 Bedroom Home with Balcony Available Mid June!,"Essex Property Trust,EMME Apartment Homes,6350 Christie Ave, Emeryville, CA 94608,We will have a 1 bedroom 1 bath 643 sq ft apartment #130 available on June 10th! Your beautiful new kitchen will have Cesar stone countertops, dark cherry wood on the cabinets and stainless steel appliances!,All of emme apartments come with a full size front load washer & dryer! Emme offers amenities such as our 24 hour gym, courtyard, clubhouse and our beautiful roof top deck, a must see with a great view of San Francisco! Living at emme makes life a bit easier with having everything you need right around the corner, from grocery stores to retail! Not to mention, transportation!,Emeryville provides us a free shuttle that picks you up right in front of the community and takes you straight to bart!,Schedule your appointment today!!,Stop by our 2 bedroom home OPEN HOUSE this Saturday, May 20th from 10:00 AM - 12:00 PM!",housing,2834.0,1700.0,2834.0,Rejected,,"	Buyer: Hi, I'm interested in the 1 bedroom home on Christie Ave. Can you tell me more about it?
	Seller: Ah, great to hear that you're interested! This beautiful 1 bedroom home has a lot to offer, including stunning views of San Francisco from our rooftop deck, a fully-equipped kitchen with modern appliances, and in-unit laundry convenience. We're offering it at a competitive price, and I think you'll really love the amenities we have here at Emme Apartment Homes.
	Buyer: That sounds perfect for me, but I do have a budget constraint.
	Seller: The current price for the 1 bedroom home is $2,834, which includes all the amenities and features I mentioned earlier.
	Buyer: I like the home, but $2834 is a bit steep for me.
	Seller: I understand that $2834 is a bit out of your budget, but considering the location, amenities, and condition of the property, I can try to make a slight adjustment. Would you be willing to consider $2800?
	Buyer: I could live with $2400.
	Seller: I appreciate your willingness to adjust the price, but I was thinking more in the range of $2600, considering the location and amenities.
	Buyer: I can do $2500.
	Seller: I can do $2575.
	Buyer: I was thinking more along the lines of $2550.
	Seller: I'd be happy to meet you at $2550.
	Buyer: I can do $2510.
	Seller: I can do $2550.
	Buyer: I think we're really close, how about $2525?
","[-1.0, -1.0, -1.0, -1.0, 2834.0, 2834.0, 2400.0, 2600.0, 2500.0, 2575.0, 2550.0, 2550.0, 2510.0, 2550.0, 2525.0]","['intro', 'inform', 'inform', 'inform', 'counter-price', 'counter-price', 'counter-price', 'counter-price', 'offer', 'counter-price', 'counter-price', 'offer', 'counter-price', 'offer', 'counter-price']","
      =================================================================================================
      Negotiation for: <Beautiful 1 Bedroom Home with Balcony Available Mid June!>
      =================================================================================================
      	Buyer: Hi, I'm interested in the 1 bedroom home on Christie Ave. Can you tell me more about it?
	Seller: Ah, great to hear that you're interested! This beautiful 1 bedroom home has a lot to offer, including stunning views of San Francisco from our rooftop deck, a fully-equipped kitchen with modern appliances, and in-unit laundry convenience. We're offering it at a competitive price, and I think you'll really love the amenities we have here at Emme Apartment Homes.
	Buyer: That sounds perfect for me, but I do have a budget constraint.
	Seller: The current price for the 1 bedroom home is $2,834, which includes all the amenities and features I mentioned earlier.
	Buyer: I like the home, but $2834 is a bit steep for me.
	Seller: I understand that $2834 is a bit out of your budget, but considering the location, amenities, and condition of the property, I can try to make a slight adjustment. Would you be willing to consider $2800?
	Buyer: I could live with $2400.
	Seller: I appreciate your willingness to adjust the price, but I was thinking more in the range of $2600, considering the location and amenities.
	Buyer: I can do $2500.
	Seller: I can do $2575.
	Buyer: I was thinking more along the lines of $2550.
	Seller: I'd be happy to meet you at $2550.
	Buyer: I can do $2510.
	Seller: I can do $2550.
	Buyer: I think we're really close, how about $2525?
      ~~~~~~~~~~~~~~~~~~~~~~~~~~~~~~~~~~~~~~~~~~~~~~~~~~~~~~~~~~~~~~~~~~~~~~~~~~~~~~~~~~~~~~~~~~~~~~~~~
      Outcome: Rejected
      Agreed Price: N/A
      =================================================================================================
      ",,,,15,,,0.0,85.36363636363636,
10,c497f40d-ef5a-4808-83f6-65762f2af59c,Travel Electrical Adaptor Connection Pack Adapter,"Features:,*Each adapter clearly labeled for easy identification.,*Selection guide makes adapter identification quick and easy,*Deluxe organizer case holds all adapters,*Mini-zipper case lets you carry just the adapters you need",electronics,15.0,13.0,15.0,Rejected,,"	Buyer: Hi, I'm interested in purchasing the Travel Electrical Adaptor Connection Pack Adapter. Can you tell me more about it?
	Seller: Yes, the Travel Electrical Adaptor Connection Pack Adapter is a convenient travel accessory that includes a selection guide, deluxe organizer case, and mini-zipper case. It's perfect for organizing your adapters and making it easy to identify which one you need.
	Buyer: Thanks for the information. I've read the description. What's the current price you're offering for the Travel Electrical Adaptor Connection Pack Adapter?
	Seller: We're currently selling the Travel Electrical Adaptor Connection Pack Adapter for $15.
	Buyer: I'm willing to pay $13 for it.
	Seller: I can offer you $13, but I can see that you're looking to save money. I can meet you halfway and do $14.
	Buyer: How about $13.50?
	Seller: I can do $14.50, but I think we can meet at $15.
	Buyer: I'm not willing to go above $14.
	Seller: Eh, fine. $15.
	Buyer: I can do $13.75.
	Seller: I can do $14.
	Buyer: I think the lowest I would want to go is $14.
	Seller: I think we can do better than that, how about $14.25?
	Buyer: $14.
","[-1.0, -1.0, -1.0, -1.0, 13.0, 13.0, 13.5, 14.5, 14.0, 15.0, 13.75, 14.0, 14.0, 14.25, 14.0]","['intro', 'inform', 'inform', 'inform', 'counter-price', 'counter-price', 'counter-price', 'offer', 'counter-price', 'offer', 'counter-price', 'offer', 'counter-price', 'offer', 'counter-price']","
      =================================================================================================
      Negotiation for: <Travel Electrical Adaptor Connection Pack Adapter>
      =================================================================================================
      	Buyer: Hi, I'm interested in purchasing the Travel Electrical Adaptor Connection Pack Adapter. Can you tell me more about it?
	Seller: Yes, the Travel Electrical Adaptor Connection Pack Adapter is a convenient travel accessory that includes a selection guide, deluxe organizer case, and mini-zipper case. It's perfect for organizing your adapters and making it easy to identify which one you need.
	Buyer: Thanks for the information. I've read the description. What's the current price you're offering for the Travel Electrical Adaptor Connection Pack Adapter?
	Seller: We're currently selling the Travel Electrical Adaptor Connection Pack Adapter for $15.
	Buyer: I'm willing to pay $13 for it.
	Seller: I can offer you $13, but I can see that you're looking to save money. I can meet you halfway and do $14.
	Buyer: How about $13.50?
	Seller: I can do $14.50, but I think we can meet at $15.
	Buyer: I'm not willing to go above $14.
	Seller: Eh, fine. $15.
	Buyer: I can do $13.75.
	Seller: I can do $14.
	Buyer: I think the lowest I would want to go is $14.
	Seller: I think we can do better than that, how about $14.25?
	Buyer: $14.
      ~~~~~~~~~~~~~~~~~~~~~~~~~~~~~~~~~~~~~~~~~~~~~~~~~~~~~~~~~~~~~~~~~~~~~~~~~~~~~~~~~~~~~~~~~~~~~~~~~
      Outcome: Rejected
      Agreed Price: N/A
      =================================================================================================
      ",,,,15,,,0.0,0.45454545454545453,
11,2a9d3e5b-434e-4175-8895-54f6a60f9569,Panasonic DVD Player,"Panasonic DVD Player: in excellent condition with no blemishes, scratches or dents. Looks and operates as if new.",electronics,55.0,41.0,55.0,Rejected,,"	Buyer: Hi, I'm interested in your Panasonic DVD Player.
	Seller: Hi there, that Panasonic DVD Player is a real gem. It's in excellent condition, and I'm willing to let it go for $50. Would you like to take a look?
	Buyer: Cool, I think the listing description said it was in great condition, so I'm expecting to see that. What makes you think it's worth $50?
	Seller: I've personally taken excellent care of it, kept it in a clean and dry environment, and it's been stored in a protective case. The battery has been replaced recently, and it operates flawlessly. Given its condition and functionality, I believe the price reflects its value.
	Buyer: That sounds great, but I'm still a bit high on the price. Is that a firm price, or are you open to negotiations?
	Seller: I think it's a fair price, but I can do $48 and that's as low as I'm willing to go.
	Buyer: $45.
	Seller: I can do $47, but that's the lowest I can go.
	Buyer: I can do $46.
	Seller: That's still a bit higher than I'm comfortable with. How about we meet in the middle at $46?
	Buyer: I can meet you at $46, but I could also go a little lower.
	Seller: I think we're getting close, how about we meet exactly in the middle at $45.5?
	Buyer: I can meet you at $44.
	Seller: How about we break the middle ground at $45?
	Buyer: I think the lowest I would want to go is $43.
","[-1.0, -1.0, -1.0, -1.0, -1.0, 48.0, 45.0, 47.0, 46.0, 46.0, 46.0, 45.5, 44.0, 45.0, 43.0]","['intro', 'intro', 'inform', 'inform', 'inquire', 'offer', 'counter-price', 'counter-price', 'counter-price', 'offer', 'counter-price', 'offer', 'counter-price', 'offer', 'counter-price']","
      =================================================================================================
      Negotiation for: <Panasonic DVD Player>
      =================================================================================================
      	Buyer: Hi, I'm interested in your Panasonic DVD Player.
	Seller: Hi there, that Panasonic DVD Player is a real gem. It's in excellent condition, and I'm willing to let it go for $50. Would you like to take a look?
	Buyer: Cool, I think the listing description said it was in great condition, so I'm expecting to see that. What makes you think it's worth $50?
	Seller: I've personally taken excellent care of it, kept it in a clean and dry environment, and it's been stored in a protective case. The battery has been replaced recently, and it operates flawlessly. Given its condition and functionality, I believe the price reflects its value.
	Buyer: That sounds great, but I'm still a bit high on the price. Is that a firm price, or are you open to negotiations?
	Seller: I think it's a fair price, but I can do $48 and that's as low as I'm willing to go.
	Buyer: $45.
	Seller: I can do $47, but that's the lowest I can go.
	Buyer: I can do $46.
	Seller: That's still a bit higher than I'm comfortable with. How about we meet in the middle at $46?
	Buyer: I can meet you at $46, but I could also go a little lower.
	Seller: I think we're getting close, how about we meet exactly in the middle at $45.5?
	Buyer: I can meet you at $44.
	Seller: How about we break the middle ground at $45?
	Buyer: I think the lowest I would want to go is $43.
      ~~~~~~~~~~~~~~~~~~~~~~~~~~~~~~~~~~~~~~~~~~~~~~~~~~~~~~~~~~~~~~~~~~~~~~~~~~~~~~~~~~~~~~~~~~~~~~~~~
      Outcome: Rejected
      Agreed Price: N/A
      =================================================================================================
      ",,,,15,,,0.0666666666666666,1.1,
12,aa477e27-290b-4db8-9f46-843710ac0ca6,Sol Republic Wireless Bluetooth Headphones,"A2 Sound Engines with clear highs and detailed deep bass,Super-Power Wireless - Control Tracks Air from up to 150 feet away",electronics,155.0,93.0,155.0,Accepted,112.0,"	Buyer: Hi, I'm interested in purchasing the Sol Republic Wireless Bluetooth Headphones. Could you tell me more about it?
	Seller: Ah, great choice! The Sol Republic Wireless Bluetooth Headphones are high-quality headphones with A2 Sound Engines, delivering clear highs and detailed deep bass. They also feature Super-Power Wireless technology, allowing for control tracks to be sent from up to 150 feet away.
	Buyer: That sounds great. However, I was thinking more along the lines of $93.
	Seller: I think $93 is a bit lower than I'd be comfortable selling them for, but we can definitely discuss it. Would you be willing to meet me at $115?
	Buyer: $110 is more like it.
	Seller: I can do $112 and that's as low as I can go.
	Buyer: I'm still a bit higher at $105.
	Seller: I can meet you at $113 for those headphones.
	Buyer: I could do $103.
	Seller: I can do $112 and that's as low as I can go.
	Buyer: I could do $102.
	Seller: I think $112 is a fair price, considering the quality and features of the headphones.
	Buyer: I still think $100 would be closer to the mark.
	Seller: Eh, fine. $112.
","[-1.0, -1.0, -1.0, 93.0, 110.0, 112.0, 105.0, 113.0, 103.0, 112.0, 102.0, 112.0, 100.0, 112.0]","['intro', 'inform', 'inform', 'counter-price', 'counter-price', 'counter-price', 'counter-price', 'offer', 'counter-price', 'offer', 'counter-price', 'offer', 'counter-price', 'accept']","
      =================================================================================================
      Negotiation for: <Sol Republic Wireless Bluetooth Headphones>
      =================================================================================================
      	Buyer: Hi, I'm interested in purchasing the Sol Republic Wireless Bluetooth Headphones. Could you tell me more about it?
	Seller: Ah, great choice! The Sol Republic Wireless Bluetooth Headphones are high-quality headphones with A2 Sound Engines, delivering clear highs and detailed deep bass. They also feature Super-Power Wireless technology, allowing for control tracks to be sent from up to 150 feet away.
	Buyer: That sounds great. However, I was thinking more along the lines of $93.
	Seller: I think $93 is a bit lower than I'd be comfortable selling them for, but we can definitely discuss it. Would you be willing to meet me at $115?
	Buyer: $110 is more like it.
	Seller: I can do $112 and that's as low as I can go.
	Buyer: I'm still a bit higher at $105.
	Seller: I can meet you at $113 for those headphones.
	Buyer: I could do $103.
	Seller: I can do $112 and that's as low as I can go.
	Buyer: I could do $102.
	Seller: I think $112 is a fair price, considering the quality and features of the headphones.
	Buyer: I still think $100 would be closer to the mark.
	Seller: Eh, fine. $112.
      ~~~~~~~~~~~~~~~~~~~~~~~~~~~~~~~~~~~~~~~~~~~~~~~~~~~~~~~~~~~~~~~~~~~~~~~~~~~~~~~~~~~~~~~~~~~~~~~~~
      Outcome: Accepted
      Agreed Price: 112.0
      =================================================================================================
      ",0.3870967741935485,0.2774193548387096,0.6129032258064516,14,0.0276497695852534,0.04377880184331797,0.0,8.818181818181818,0.0437788018433179
13,004ae449-2c9c-4c29-b133-035ba955ff36,2010 camaro ss   on zl1 rims runs good 2018 tags clean title,selling my 2010 camaro ss  6.2L  auto and  maunal  runs good  120miles,car,14800.0,11248.0,14800.0,Rejected,,"	Buyer: I'm interested in the '10 Camaro SS, can you tell me more about it?
	Seller: It's a 2010 Camaro SS with a 6.2L engine, runs well with 120 miles on it, clean title, and the original tags are still attached.
	Buyer: I've reviewed the description. From what I can see, it's a good deal. What's the lowest you'd be willing to sell it for?
	Seller: I've had it maintained regularly, and the current price of $14,800 reflects that. However, I'm open to negotiations.
	Buyer: I'm interested in making an offer, can I buy it for $9,000?
	Seller: I think $14,800 is a fair price, but I could do $13,800 for you.
	Buyer: I'd rather pay $12,200.
	Seller: I can do $14,400 for you, which is the closest I can get to the original price without losing money.
	Buyer: I can do $11,748.
	Seller: How about $13,500?
	Buyer: No more than $12,248.
	Seller: I think we're getting close, how about we meet in the middle at $12,650?
	Buyer: I'm closer to $12,248 than $12,650, so no.
	Seller: How about $13,200?
	Buyer: Still a bit too high, I can do $12,048.
","[-1.0, -1.0, -1.0, 14800.0, 9000.0, 14800.0, 12200.0, 14400.0, 11748.0, 13500.0, 12248.0, 12650.0, 12248.0, 13200.0, 12048.0]","['intro', 'inform', 'inform', 'init-price', 'init-price', 'offer', 'counter-price', 'counter-price', 'counter-price', 'offer', 'counter-price', 'offer', 'counter-price', 'offer', 'counter-price']","
      =================================================================================================
      Negotiation for: <2010 camaro ss   on zl1 rims runs good 2018 tags clean title>
      =================================================================================================
      	Buyer: I'm interested in the '10 Camaro SS, can you tell me more about it?
	Seller: It's a 2010 Camaro SS with a 6.2L engine, runs well with 120 miles on it, clean title, and the original tags are still attached.
	Buyer: I've reviewed the description. From what I can see, it's a good deal. What's the lowest you'd be willing to sell it for?
	Seller: I've had it maintained regularly, and the current price of $14,800 reflects that. However, I'm open to negotiations.
	Buyer: I'm interested in making an offer, can I buy it for $9,000?
	Seller: I think $14,800 is a fair price, but I could do $13,800 for you.
	Buyer: I'd rather pay $12,200.
	Seller: I can do $14,400 for you, which is the closest I can get to the original price without losing money.
	Buyer: I can do $11,748.
	Seller: How about $13,500?
	Buyer: No more than $12,248.
	Seller: I think we're getting close, how about we meet in the middle at $12,650?
	Buyer: I'm closer to $12,248 than $12,650, so no.
	Seller: How about $13,200?
	Buyer: Still a bit too high, I can do $12,048.
      ~~~~~~~~~~~~~~~~~~~~~~~~~~~~~~~~~~~~~~~~~~~~~~~~~~~~~~~~~~~~~~~~~~~~~~~~~~~~~~~~~~~~~~~~~~~~~~~~~
      Outcome: Rejected
      Agreed Price: N/A
      =================================================================================================
      ",,,,15,,,0.0,2080.3333333333335,
14,a0506792-e0c2-49e0-a0a3-600a1d46e42b,2016 Raleigh Kodiak II 27.5 Upgraded Size L 2x10 spd.,"Got for sale a sweet 2016 Raleigh Kodiak II Full suspension w/120mm of travel front and back by Rock Shox with lockout on the front and 3 positions on the rear from Fox Factory w/Boost and Kashima Coating (pictured is the RT3 but that's not longer available) full SRAM's components i.e. SRAM XX rear der. (long cage) XO front der. XO grip shift, 175mm Race Face Turbine with CINCH technology 38/26, Praxis Works 11/40 cassette, KS Lev eTen remote (100mm travel) dropper post, and a sweet ass Roval Traverse Alloy boost+ wheelset w/DT's internals, SRAM Guide Hydro RS brakes (4 piston caliper) frame and fork is 15mm/12mm t/a and a nice Fiz√Øk Tundra 2 kium rails. if you like to see the bike Monday's or Thursday's are the best as those are my day off, let me know if you have any questions and hit me up @",bike,2000.0,1520.0,2000.0,Accepted,1615.0,"	Buyer: Hi, I'm interested in buying the 2016 Raleigh Kodiak II 27.5. Based on my research, I was thinking of offering $1520.
	Seller: That's a bit lower than I was expecting, but I'm open to negotiations. I was thinking more along the lines of $1750.
	Buyer: I'd be willing to go up to $1650.
	Seller: I can see we're a bit apart, but I think we can meet in the middle. How about $1625?
	Buyer: I think I can meet you halfway, but I'm still a bit above my target. How about $1600?
	Seller: I think we're getting close, but I'd rather sell it for $1655.
	Buyer: $1620.
	Seller: I think we're really close now, how about we meet in the middle, $1625?
	Buyer: I think we're not that far off, can you meet me at $1615?
	Seller: Alright, you've met me at $1615. I think that's a fair price. I'm willing to accept your offer.
","[1520.0, 1750.0, 1650.0, 1625.0, 1600.0, 1655.0, 1620.0, 1625.0, 1615.0, 1615.0]","['init-price', 'offer', 'counter-price', 'offer', 'counter-price', 'offer', 'counter-price', 'offer', 'counter-price', 'accept']","
      =================================================================================================
      Negotiation for: <2016 Raleigh Kodiak II 27.5 Upgraded Size L 2x10 spd.>
      =================================================================================================
      	Buyer: Hi, I'm interested in buying the 2016 Raleigh Kodiak II 27.5. Based on my research, I was thinking of offering $1520.
	Seller: That's a bit lower than I was expecting, but I'm open to negotiations. I was thinking more along the lines of $1750.
	Buyer: I'd be willing to go up to $1650.
	Seller: I can see we're a bit apart, but I think we can meet in the middle. How about $1625?
	Buyer: I think I can meet you halfway, but I'm still a bit above my target. How about $1600?
	Seller: I think we're getting close, but I'd rather sell it for $1655.
	Buyer: $1620.
	Seller: I think we're really close now, how about we meet in the middle, $1625?
	Buyer: I think we're not that far off, can you meet me at $1615?
	Seller: Alright, you've met me at $1615. I think that's a fair price. I'm willing to accept your offer.
      ~~~~~~~~~~~~~~~~~~~~~~~~~~~~~~~~~~~~~~~~~~~~~~~~~~~~~~~~~~~~~~~~~~~~~~~~~~~~~~~~~~~~~~~~~~~~~~~~~
      Outcome: Accepted
      Agreed Price: 1615.0
      =================================================================================================
      ",0.6041666666666667,0.1925,0.3958333333333333,10,0.0604166666666666,0.03958333333333333,0.0,48.5,0.0395833333333333
15,a3350e93-cd7e-40ce-97e3-a88b04e8bb60,~~~STUDIO CHARM~~~,"*Private bath,*Fresh new look,* very near to Emeryville Bay Street,* West MAcArthur Bart 8 - 10 blocks away",housing,1400.0,1288.0,1400.0,Accepted,1290.0,"	Buyer: I'm very interested in the ~~~STUDIO CHARM~~~. Could you tell me a little bit about it?
	Seller: It's a beautiful private bath with a fresh new look, located very near Emeryville Bay Street, and within walking distance to West MacArthur Bart station.
	Buyer: What's the listing price of the ~~~STUDIO CHARM~~~?
	Seller: The listing price is $1400.
	Buyer: Our target price is $1288.
	Seller: I think we can work out a deal. How about $1300?
	Buyer: That's close, but we could do $1290.
	Seller: I can do $1305.
	Buyer: $1295.
	Seller: I can do $1310.
	Buyer: How about $1288?
	Seller: Eh, fine. $1290.
","[-1.0, -1.0, -1.0, -1.0, -1.0, 1300.0, 1290.0, 1305.0, 1295.0, 1310.0, 1288.0, 1290.0]","['intro', 'inform', 'inquire', 'inform', 'inform', 'offer', 'counter-price', 'offer', 'counter-price', 'offer', 'offer', 'accept']","
      =================================================================================================
      Negotiation for: <~~~STUDIO CHARM~~~>
      =================================================================================================
      	Buyer: I'm very interested in the ~~~STUDIO CHARM~~~. Could you tell me a little bit about it?
	Seller: It's a beautiful private bath with a fresh new look, located very near Emeryville Bay Street, and within walking distance to West MacArthur Bart station.
	Buyer: What's the listing price of the ~~~STUDIO CHARM~~~?
	Seller: The listing price is $1400.
	Buyer: Our target price is $1288.
	Seller: I think we can work out a deal. How about $1300?
	Buyer: That's close, but we could do $1290.
	Seller: I can do $1305.
	Buyer: $1295.
	Seller: I can do $1310.
	Buyer: How about $1288?
	Seller: Eh, fine. $1290.
      ~~~~~~~~~~~~~~~~~~~~~~~~~~~~~~~~~~~~~~~~~~~~~~~~~~~~~~~~~~~~~~~~~~~~~~~~~~~~~~~~~~~~~~~~~~~~~~~~~
      Outcome: Accepted
      Agreed Price: 1290.0
      =================================================================================================
      ",0.9642857142857142,0.0785714285714285,0.0357142857142857,12,0.0803571428571428,0.0029761904761904747,0.0833333333333333,10.571428571428571,0.0029761904761904
16,ae688733-1034-4c21-876d-33fd30897cff,KONA woman's bicycle with panniers,"Includes two Jandd panniers, Kryptonite lock, Shimano Deore gear shifts with 9 settings, bell, mirror. Great for city shopping and short trips.",bike,200.0,120.0,200.0,Accepted,165.0,"	Buyer: Hi, I'm interested in buying the KONA woman's bicycle with panniers you have listed. Can you tell me more about it?
	Seller: Yes, the KONA woman's bicycle with panniers is a great option for city shopping and short trips, with Shimano Deore gear shifts and two Jandd panniers for added convenience.
	Buyer: What's the original price you were asking for the bike?
	Seller: The original price I had listed was $200.
	Buyer: That sounds like a great bike. I've been looking for something like this for city commutes.
	Seller: I think it's a great bike too, but considering it's a high-quality model with many great features, I was thinking more along the lines of $180, would you be willing to meet me in the middle at $190?
	Buyer: I'm comfortable with that price but my target is $150, so I can meet you at $170.
	Seller: I can do $190 and that's as close to your target price as I can get.
	Buyer: I can meet you at $165.
	Seller: Eh, fine. $165.
","[-1.0, -1.0, -1.0, -1.0, -1.0, 180.0, 150.0, 190.0, 165.0, 165.0]","['intro', 'inform', 'inquire', 'inform', 'inform', 'counter-price', 'counter-price', 'offer', 'counter-price', 'accept']","
      =================================================================================================
      Negotiation for: <KONA woman's bicycle with panniers>
      =================================================================================================
      	Buyer: Hi, I'm interested in buying the KONA woman's bicycle with panniers you have listed. Can you tell me more about it?
	Seller: Yes, the KONA woman's bicycle with panniers is a great option for city shopping and short trips, with Shimano Deore gear shifts and two Jandd panniers for added convenience.
	Buyer: What's the original price you were asking for the bike?
	Seller: The original price I had listed was $200.
	Buyer: That sounds like a great bike. I've been looking for something like this for city commutes.
	Seller: I think it's a great bike too, but considering it's a high-quality model with many great features, I was thinking more along the lines of $180, would you be willing to meet me in the middle at $190?
	Buyer: I'm comfortable with that price but my target is $150, so I can meet you at $170.
	Seller: I can do $190 and that's as close to your target price as I can get.
	Buyer: I can meet you at $165.
	Seller: Eh, fine. $165.
      ~~~~~~~~~~~~~~~~~~~~~~~~~~~~~~~~~~~~~~~~~~~~~~~~~~~~~~~~~~~~~~~~~~~~~~~~~~~~~~~~~~~~~~~~~~~~~~~~~
      Outcome: Accepted
      Agreed Price: 165.0
      =================================================================================================
      ",-0.125,0.175,0.875,10,-0.0125,0.0875,0.1,19.0,0.0875
17,8f89250b-64a7-4153-855d-baea499922fc,SMARTPHONE LEATHER BELT HOLSTER,"or email me at: rocksmith281@gmail for further information. I ONLY DO IN PERSON TRANSACTIONS, NO TRADES, CASH ONLY.,This stylish textured leather belt holster is big enough to accommodate the iPhone, Samsung, HTC, and many more. Features a felt lined interior for maximum protection, a solid metal clip and magnetic latch.,Specifications",phone,30.0,22.0,30.0,Rejected,,"	Buyer: Hi, I'm interested in the smartphone leather belt holster. Can we discuss the price?
	Seller: Absolutely, I'd be happy to discuss the price with you. The leather belt holster is a great product, and I think you'll really like it. As for the price, I was thinking more along the lines of $40.
	Buyer: That's a bit high, I was thinking more along the lines of $25.
	Seller: I can do $32, it's a bit higher than my target price, but I'd rather make a sale than hold out for a better price.
	Buyer: I'm not sure I'm willing to go that high, can we do $28?
	Seller: I'm willing to meet you in the middle, how about we do $29?
	Buyer: That's still a bit high, can we do it for $26?
	Seller: I think we can do better than that.
	Buyer: $25
	Seller: I think we can do better than that, how about we do $30?
	Buyer: I'm not going to go higher than $27.
	Seller: I can do $29.
	Buyer: $28
	Seller: I think we can do better than that, how about we do $30?
	Buyer: I can only go to $29, not $30.
","[-1.0, -1.0, -1.0, 32.0, 28.0, 29.0, 26.0, -1.0, 25.0, 30.0, 27.0, 29.0, 28.0, 30.0, 29.0]","['intro', 'intro', 'disagree', 'offer', 'counter-price', 'offer', 'counter-price', 'offer', 'counter-price', 'offer', 'counter-price', 'offer', 'counter-price', 'offer', 'counter-price']","
      =================================================================================================
      Negotiation for: <SMARTPHONE LEATHER BELT HOLSTER>
      =================================================================================================
      	Buyer: Hi, I'm interested in the smartphone leather belt holster. Can we discuss the price?
	Seller: Absolutely, I'd be happy to discuss the price with you. The leather belt holster is a great product, and I think you'll really like it. As for the price, I was thinking more along the lines of $40.
	Buyer: That's a bit high, I was thinking more along the lines of $25.
	Seller: I can do $32, it's a bit higher than my target price, but I'd rather make a sale than hold out for a better price.
	Buyer: I'm not sure I'm willing to go that high, can we do $28?
	Seller: I'm willing to meet you in the middle, how about we do $29?
	Buyer: That's still a bit high, can we do it for $26?
	Seller: I think we can do better than that.
	Buyer: $25
	Seller: I think we can do better than that, how about we do $30?
	Buyer: I'm not going to go higher than $27.
	Seller: I can do $29.
	Buyer: $28
	Seller: I think we can do better than that, how about we do $30?
	Buyer: I can only go to $29, not $30.
      ~~~~~~~~~~~~~~~~~~~~~~~~~~~~~~~~~~~~~~~~~~~~~~~~~~~~~~~~~~~~~~~~~~~~~~~~~~~~~~~~~~~~~~~~~~~~~~~~~
      Outcome: Rejected
      Agreed Price: N/A
      =================================================================================================
      ",,,,15,,,0.0,2.090909090909091,
18,6aee3e1a-dadd-46fb-a701-b63fdaa4cdd4,"2013 mercedes c250 *navigation* clean - $12,000","Up for sale is a 2013 c250 with only  45k. Interior is loaded with technology and in new condition, the paint is immaculate on the exterior. The tires are new. Additional options include:,Navigation,Attention Assist (warns you if your drowsy),Automatic Windsheild Wipers,Bluetooth Audio Connectivity (for audio),Bluetooth Phone Connectivity (for phone calls),USB Connectivity",car,12000.0,9120.0,12000.0,Accepted,10800.0,"	Buyer: Hi, I'm interested in the 2013 Mercedes C250 you have listed.
	Seller: Ah, great, the 2013 Mercedes C250 has been a popular model. It's a fantastic car with a lot of features. The price I have in mind is $12,000.
	Buyer: Do you have any flexibility on the price?
	Seller: I can do $11,500 and that's as low as I can go.
	Buyer: $10,500.
	Seller: I think we can do better than that, how about $11,000?
	Buyer: I can consider $10,800.
	Seller: $10,900, that's the highest I can go.
	Buyer: That's still a bit high, can you do $10,500?
	Seller: I can do $11,150.
	Buyer: I think $10,800 is a fair price, can you meet me at that?
	Seller: Eh, fine. I can sell it to you for $10,800.
","[-1.0, -1.0, -1.0, 11500.0, 10500.0, 11000.0, 10800.0, 10900.0, 10500.0, 11150.0, 10800.0, 10800.0]","['intro', 'intro', 'inquire', 'counter-price', 'counter-price', 'offer', 'counter-price', 'counter-price', 'counter-price', 'offer', 'counter-price', 'accept']","
      =================================================================================================
      Negotiation for: <2013 mercedes c250 *navigation* clean - $12,000>
      =================================================================================================
      	Buyer: Hi, I'm interested in the 2013 Mercedes C250 you have listed.
	Seller: Ah, great, the 2013 Mercedes C250 has been a popular model. It's a fantastic car with a lot of features. The price I have in mind is $12,000.
	Buyer: Do you have any flexibility on the price?
	Seller: I can do $11,500 and that's as low as I can go.
	Buyer: $10,500.
	Seller: I think we can do better than that, how about $11,000?
	Buyer: I can consider $10,800.
	Seller: $10,900, that's the highest I can go.
	Buyer: That's still a bit high, can you do $10,500?
	Seller: I can do $11,150.
	Buyer: I think $10,800 is a fair price, can you meet me at that?
	Seller: Eh, fine. I can sell it to you for $10,800.
      ~~~~~~~~~~~~~~~~~~~~~~~~~~~~~~~~~~~~~~~~~~~~~~~~~~~~~~~~~~~~~~~~~~~~~~~~~~~~~~~~~~~~~~~~~~~~~~~~~
      Outcome: Accepted
      Agreed Price: 10800.0
      =================================================================================================
      ",-0.1666666666666666,0.1,0.8333333333333334,12,-0.0138888888888888,0.06944444444444445,0.0833333333333333,355.55555555555554,0.0694444444444444
19,e049bc9d-177f-4f9d-9cb2-d1f8c2562052,Unlocked Brand New Apple iphone 7 Plus 128GB Jet Black,"We have rose gold, matte black and gold color too.,This phone is unlocked. You can use the phones in all GSM SIM CARD carriers such as AT&T/T-Mobile or international",phone,780.0,717.0,780.0,Rejected,,"	Buyer: I'm interested in the Apple iPhone 7 Plus 128GB. Can we start with a price of $700?
	Seller: I can do $780, but I can see you're a serious buyer, so let's meet in the middle.
	Buyer: I can go up to $750.
	Seller: I can accept $750, but only if we can discuss the charger, can you throw it in for free?
	Buyer: The charger is not included in the listing, so I'm not sure if it's something you'd like to add or not.
	Seller: I'd be willing to go down to $750 for the phone, but consider this offer: I'll throw in the original box, cables, and a screen protector, which is worth about $50.
	Buyer: I appreciate the extras, but I'm still a bit concerned about the price. How about $725?
	Seller: I think we can do even better than that.
	Buyer: I can go down to $720.
	Seller: I think we can do $730.
	Buyer: I think $725 is as low as I can go.
	Seller: How about we meet right in the middle, shall we say $715?
	Buyer: I think $720 is still a bit low for me, how about we meet at  $725 doesn't work for me, but $720 is close to my target price.
	Seller: How about $725?
	Buyer: I think $720 is the lowest I'd be willing to go, it's only a few dollars away from my target price.
","[700.0, 780.0, 750.0, 750.0, -1.0, 750.0, 725.0, -1.0, 720.0, 730.0, 725.0, 715.0, 720.0, 725.0, 720.0]","['init-price', 'counter-price', 'counter-price', 'offer', 'inform', 'offer', 'counter-price', 'offer', 'counter-price', 'offer', 'counter-price', 'offer', 'counter-price', 'offer', 'counter-price']","
      =================================================================================================
      Negotiation for: <Unlocked Brand New Apple iphone 7 Plus 128GB Jet Black>
      =================================================================================================
      	Buyer: I'm interested in the Apple iPhone 7 Plus 128GB. Can we start with a price of $700?
	Seller: I can do $780, but I can see you're a serious buyer, so let's meet in the middle.
	Buyer: I can go up to $750.
	Seller: I can accept $750, but only if we can discuss the charger, can you throw it in for free?
	Buyer: The charger is not included in the listing, so I'm not sure if it's something you'd like to add or not.
	Seller: I'd be willing to go down to $750 for the phone, but consider this offer: I'll throw in the original box, cables, and a screen protector, which is worth about $50.
	Buyer: I appreciate the extras, but I'm still a bit concerned about the price. How about $725?
	Seller: I think we can do even better than that.
	Buyer: I can go down to $720.
	Seller: I think we can do $730.
	Buyer: I think $725 is as low as I can go.
	Seller: How about we meet right in the middle, shall we say $715?
	Buyer: I think $720 is still a bit low for me, how about we meet at  $725 doesn't work for me, but $720 is close to my target price.
	Seller: How about $725?
	Buyer: I think $720 is the lowest I'd be willing to go, it's only a few dollars away from my target price.
      ~~~~~~~~~~~~~~~~~~~~~~~~~~~~~~~~~~~~~~~~~~~~~~~~~~~~~~~~~~~~~~~~~~~~~~~~~~~~~~~~~~~~~~~~~~~~~~~~~
      Outcome: Rejected
      Agreed Price: N/A
      =================================================================================================
      ",,,,15,,,0.0,13.846153846153847,
20,96dfb572-e670-47c4-93ee-5b933eada529,A 4 bedroom single family house for rent in central Fremont,"This is a single family house in an excellent condition. It will be available for move-in on July 2017. It's in a very nice and quiet community with great school district. Email me for viewing or further information. Thanks.,Huge living room and family room, plus 4 spacious bedrooms,2 generous bathrooms with bathtubs,Great school district (Oliveira elementary, Thornton junior high, American high),Few mins drive to Bart and Lucky and 99 Supermarkets",housing,3200.0,2432.0,3200.0,Accepted,3200.0,"	Buyer: Hi, I'm interested in the 4 bedroom single family house for rent in central Fremont. It sounds like a great opportunity, but I want to discuss the price.
	Seller: Great, I'm glad you're interested in the house. We've had a few inquiries, but I think it would be a great fit for you. Let me ask, what's your budget looking like for this kind of rental?
	Buyer: The listing price is 3200.0, but I was thinking along the lines of 2432.0.
	Seller: I can see we're a bit apart on the price, but I can definitely understand where you're coming from. Considering the excellent condition of the house and the great location, I was thinking more along the lines of 2800.0.
	Buyer: I understand your position, but I was considering more like 2592.0.
	Seller: I think we're getting closer, but I'd need a bit more room to work with. Would you be willing to meet me in the middle at 2620.0?
	Buyer: 2590.0.
	Seller: I'm willing to meet you in the middle, but I can only stretch up to 2615.
	Buyer: I can try 2605.
	Seller: I'm willing to compromise, but I can only go up to 2610.
	Buyer: 2600.
	Seller: Eh, fine. 2600.
","[-1.0, -1.0, -1.0, -1.0, -1.0, -1.0, -1.0, -1.0, -1.0, -1.0, -1.0, -1.0]","['intro', 'intro', 'inform', 'counter-price', 'counter-price', 'counter-price', 'counter-price', 'counter-price', 'counter-price', 'offer', 'counter-price', 'accept']","
      =================================================================================================
      Negotiation for: <A 4 bedroom single family house for rent in central Fremont>
      =================================================================================================
      	Buyer: Hi, I'm interested in the 4 bedroom single family house for rent in central Fremont. It sounds like a great opportunity, but I want to discuss the price.
	Seller: Great, I'm glad you're interested in the house. We've had a few inquiries, but I think it would be a great fit for you. Let me ask, what's your budget looking like for this kind of rental?
	Buyer: The listing price is 3200.0, but I was thinking along the lines of 2432.0.
	Seller: I can see we're a bit apart on the price, but I can definitely understand where you're coming from. Considering the excellent condition of the house and the great location, I was thinking more along the lines of 2800.0.
	Buyer: I understand your position, but I was considering more like 2592.0.
	Seller: I think we're getting closer, but I'd need a bit more room to work with. Would you be willing to meet me in the middle at 2620.0?
	Buyer: 2590.0.
	Seller: I'm willing to meet you in the middle, but I can only stretch up to 2615.
	Buyer: I can try 2605.
	Seller: I'm willing to compromise, but I can only go up to 2610.
	Buyer: 2600.
	Seller: Eh, fine. 2600.
      ~~~~~~~~~~~~~~~~~~~~~~~~~~~~~~~~~~~~~~~~~~~~~~~~~~~~~~~~~~~~~~~~~~~~~~~~~~~~~~~~~~~~~~~~~~~~~~~~~
      Outcome: Accepted
      Agreed Price: 3200.0
      =================================================================================================
      ",-1.0,0.0,0.0,12,-0.0833333333333333,0.0,0.0,,0.0
21,13b26856-64d4-4f72-8b6d-c975f9246fe5,2 x DJI Mavic Pro Original Battery / Batteries,- Selling 2 x Gently Used DJI Mavic Pro Batteries.,electronics,150.0,114.0,150.0,Accepted,126.0,"	Buyer: Hi, I'm interested in the DJI Mavic Pro batteries. I see they're listed at $150. Can we discuss a price? My target price would be around $114.
	Seller: I can see you've done your research, but I was thinking more along the lines of $137, considering they're gently used and I need to maintain a profit margin.
	Buyer: I can do $121.
	Seller: I can see you're trying to meet your target price, but I was thinking more along the lines of $128.
	Buyer: I'd be more comfortable if it was $125.
	Seller: How about $130?
	Buyer: Can you do $126?
	Seller: I can see we're getting closer, but I can do $127.
	Buyer: $127 is still a bit off. How about $124?
	Seller: I think we're almost there. I can do $126 for you.
	Buyer: I'd be willing to go up to $126, but how about you meet me halfway at $125.5?
	Seller: Eh, fine, $126 it is.
","[150.0, 137.0, 121.0, 128.0, 125.0, 130.0, 126.0, 127.0, 127.0, 126.0, 126.0, 126.0]","['init-price', 'offer', 'counter-price', 'counter-price', 'counter-price', 'offer', 'counter-price', 'offer', 'offer', 'counter-price', 'counter-price', 'accept']","
      =================================================================================================
      Negotiation for: <2 x DJI Mavic Pro Original Battery / Batteries>
      =================================================================================================
      	Buyer: Hi, I'm interested in the DJI Mavic Pro batteries. I see they're listed at $150. Can we discuss a price? My target price would be around $114.
	Seller: I can see you've done your research, but I was thinking more along the lines of $137, considering they're gently used and I need to maintain a profit margin.
	Buyer: I can do $121.
	Seller: I can see you're trying to meet your target price, but I was thinking more along the lines of $128.
	Buyer: I'd be more comfortable if it was $125.
	Seller: How about $130?
	Buyer: Can you do $126?
	Seller: I can see we're getting closer, but I can do $127.
	Buyer: $127 is still a bit off. How about $124?
	Seller: I think we're almost there. I can do $126 for you.
	Buyer: I'd be willing to go up to $126, but how about you meet me halfway at $125.5?
	Seller: Eh, fine, $126 it is.
      ~~~~~~~~~~~~~~~~~~~~~~~~~~~~~~~~~~~~~~~~~~~~~~~~~~~~~~~~~~~~~~~~~~~~~~~~~~~~~~~~~~~~~~~~~~~~~~~~~
      Outcome: Accepted
      Agreed Price: 126.0
      =================================================================================================
      ",0.3333333333333332,0.16,0.6666666666666667,12,0.0277777777777777,0.05555555555555556,0.0,4.166666666666667,0.0555555555555555
22,264a9baa-e234-496e-9570-f2f90d63a8c3,2016 Ibis Mojo HD3 for sale - Large,"Get ready for summer riding!,Immaculate condition, less than 100 miles.,Frame:  Carbon fiber,Color:  Matte Black,Fork: Fox Factory series Float 36,Shock: Fox Factory series Float EVOL,Shifter: Shimano XT Deore",bike,4200.0,3864.0,4200.0,Accepted,3585.0,"	Buyer: I'm really interested in the Ibis Mojo HD3 you have listed.
	Seller: That's great to hear! The Ibis Mojo HD3 is an excellent bike, and I'm glad you're interested. I've had it in immaculate condition since it was new, with less than 100 miles on it.
	Buyer: So, you've barely used it. What's the price at?
	Seller: Well, considering its condition and the low mileage, I was thinking of getting $3800 for it.
	Buyer: I could go up to $3700.
	Seller: I was thinking more around $3600, but I can do $3650 and that's as low as I can go.
	Buyer: I can go up to $3600, but that's as high as I can go.
	Seller: I can do $3550, and that's the lowest I can go.
	Buyer: I can go up to $3575.
	Seller: I can do $3600, considering we've been negotiating for a while and you're already getting close to my target price.
	Buyer: I can go up to $3590.
	Seller: I can do $3585 and that's my final offer.
	Buyer: I'll take it for $3585.
","[-1.0, -1.0, -1.0, 3800.0, 3700.0, 3600.0, 3600.0, 3550.0, 3575.0, 3600.0, 3590.0, 3585.0, 3585.0]","['intro', 'intro', 'inspect', 'offer', 'counter-price', 'offer', 'counter-price', 'offer', 'counter-price', 'offer', 'counter-price', 'offer', 'agree']","
      =================================================================================================
      Negotiation for: <2016 Ibis Mojo HD3 for sale - Large>
      =================================================================================================
      	Buyer: I'm really interested in the Ibis Mojo HD3 you have listed.
	Seller: That's great to hear! The Ibis Mojo HD3 is an excellent bike, and I'm glad you're interested. I've had it in immaculate condition since it was new, with less than 100 miles on it.
	Buyer: So, you've barely used it. What's the price at?
	Seller: Well, considering its condition and the low mileage, I was thinking of getting $3800 for it.
	Buyer: I could go up to $3700.
	Seller: I was thinking more around $3600, but I can do $3650 and that's as low as I can go.
	Buyer: I can go up to $3600, but that's as high as I can go.
	Seller: I can do $3550, and that's the lowest I can go.
	Buyer: I can go up to $3575.
	Seller: I can do $3600, considering we've been negotiating for a while and you're already getting close to my target price.
	Buyer: I can go up to $3590.
	Seller: I can do $3585 and that's my final offer.
	Buyer: I'll take it for $3585.
      ~~~~~~~~~~~~~~~~~~~~~~~~~~~~~~~~~~~~~~~~~~~~~~~~~~~~~~~~~~~~~~~~~~~~~~~~~~~~~~~~~~~~~~~~~~~~~~~~~
      Outcome: Accepted
      Agreed Price: 3585.0
      =================================================================================================
      ",2.6607142857142856,0.1464285714285714,-1.6607142857142856,13,0.2046703296703296,0.12774725274725274,0.0,31.5,0.1277472527472527
23,7f0e8e5a-e65e-4efd-bc00-fa638bd62e57,FASHION OPTICAL KIDS' FRAME DISPLAY,"This Fashion Optical Kids' Frame Display is in excellent condition,  It measures 75""H x 23.5""W x 9""D.  It has 3 fixed vertical bars each 36"", plus two wall-mountable bars each 20.5"".  Comes with 20 frame clips that can be moved from bar to bar and spaced in any configuration.  Additional frame clips available at Fashion Optical.  LED lighting is available for an additional fee.",furniture,49.0,45.0,49.0,Accepted,46.0,"	Buyer: Hi, I'm interested in the Fashion Optical Kids' Frame Display. It looks like it's in great condition. Can you tell me more about it?
	Seller: Yes, the Fashion Optical Kids' Frame Display is in excellent condition, it measures 75""H x 23.5""W x 9""D, has 3 fixed vertical bars each 36"", plus two wall-mountable bars each 20.5"".
	Buyer: That sounds like a great display unit. I was thinking of purchasing it for 45.
	Seller: I'm glad you like it. The price was listed at $49, but I'm open to negotiations. Would you be willing to meet in the middle?
	Buyer: I'm willing to meet you halfway, but $47 is as low as I can go.
	Seller: I can do $48.
	Buyer: I can go as low as $46.
	Seller: I can meet you at $47 instead of $48.
	Buyer: I'll do $46.
	Seller: Eh, fine. $46.
","[-1.0, -1.0, -1.0, 49.0, 47.0, 48.0, 46.0, 47.0, 46.0, 46.0]","['intro', 'inform', 'inform', 'init-price', 'counter-price', 'offer', 'counter-price', 'counter-price', 'counter-price', 'accept']","
      =================================================================================================
      Negotiation for: <FASHION OPTICAL KIDS' FRAME DISPLAY>
      =================================================================================================
      	Buyer: Hi, I'm interested in the Fashion Optical Kids' Frame Display. It looks like it's in great condition. Can you tell me more about it?
	Seller: Yes, the Fashion Optical Kids' Frame Display is in excellent condition, it measures 75""H x 23.5""W x 9""D, has 3 fixed vertical bars each 36"", plus two wall-mountable bars each 20.5"".
	Buyer: That sounds like a great display unit. I was thinking of purchasing it for 45.
	Seller: I'm glad you like it. The price was listed at $49, but I'm open to negotiations. Would you be willing to meet in the middle?
	Buyer: I'm willing to meet you halfway, but $47 is as low as I can go.
	Seller: I can do $48.
	Buyer: I can go as low as $46.
	Seller: I can meet you at $47 instead of $48.
	Buyer: I'll do $46.
	Seller: Eh, fine. $46.
      ~~~~~~~~~~~~~~~~~~~~~~~~~~~~~~~~~~~~~~~~~~~~~~~~~~~~~~~~~~~~~~~~~~~~~~~~~~~~~~~~~~~~~~~~~~~~~~~~~
      Outcome: Accepted
      Agreed Price: 46.0
      =================================================================================================
      ",0.5,0.0612244897959183,0.5,10,0.05,0.05,0.0,1.0,0.05
24,95889926-0c1a-471c-861f-aa61dc965d55,2003 350z,2003 350z has 120k miles. JWT Clutch and flywheel installed 2 months ago. K&N long tube cold air intake with 5/16 motordyne spacer kit. Lowered on tein springs. New Michelin A/S sport plus tires installed at 109k. Maintenced every 3500 miles. Just selling because I'm looking for a work truck. 8900 OBO,car,8900.0,8188.0,8900.0,Rejected,,"	Buyer: Hi, I'm interested in the 2003 350z you're selling. Can I get a bit more info on the car?
	Seller: The 2003 350z has 120k miles, JWT Clutch and flywheel installed 2 months ago, K&N long tube cold air intake with 5/16 motordyne spacer kit, lowered on Tein springs, and new Michelin A/S sport plus tires installed at 109k. Regular maintenance has been done every 3500 miles.
	Buyer: I'm glad to hear that the car has had regular maintenance, but could you tell me why you're selling it since it's been well taken care of?
	Seller: I'm just looking for a work truck and I'm actually in the market for something more practical with a bit more space, which is why I'm letting this 350z go.
	Buyer: I must say it looks well-maintained and I like the upgrades you've done, but I'm a bit concerned about the mileage. How will you price it?
	Seller: The mileage is actually within the normal range for a car of its age, and the car has been garaged most of its life.
	Buyer: That's true, the mileage isn't too high considering its age. Can I see your initial asking price for it?
	Seller: Well, considering the car's condition, upgrades, and mileage, I was thinking more along the lines of $9,000. Is that something you'd be open to?
	Buyer: I like the car, but I was thinking more around $8,500.
	Seller: I think I can meet you in the middle at $8,750, and that's as low as I can go.
	Buyer: How about $8,588?
	Seller: I'd be willing to meet you at $8,500.
	Buyer: I can do $8,200.
	Seller: I'll give you $8,250 and we can call it a deal.
	Buyer: I can do $8,088.
","[-1.0, -1.0, -1.0, -1.0, -1.0, -1.0, -1.0, 9000.0, 8500.0, 8750.0, 8588.0, 8500.0, 8200.0, 8250.0, 8088.0]","['intro', 'inform', 'inform', 'inform', 'inform', 'inform', 'inquire', 'offer', 'counter-price', 'offer', 'counter-price', 'offer', 'counter-price', 'offer', 'counter-price']","
      =================================================================================================
      Negotiation for: <2003 350z>
      =================================================================================================
      	Buyer: Hi, I'm interested in the 2003 350z you're selling. Can I get a bit more info on the car?
	Seller: The 2003 350z has 120k miles, JWT Clutch and flywheel installed 2 months ago, K&N long tube cold air intake with 5/16 motordyne spacer kit, lowered on Tein springs, and new Michelin A/S sport plus tires installed at 109k. Regular maintenance has been done every 3500 miles.
	Buyer: I'm glad to hear that the car has had regular maintenance, but could you tell me why you're selling it since it's been well taken care of?
	Seller: I'm just looking for a work truck and I'm actually in the market for something more practical with a bit more space, which is why I'm letting this 350z go.
	Buyer: I must say it looks well-maintained and I like the upgrades you've done, but I'm a bit concerned about the mileage. How will you price it?
	Seller: The mileage is actually within the normal range for a car of its age, and the car has been garaged most of its life.
	Buyer: That's true, the mileage isn't too high considering its age. Can I see your initial asking price for it?
	Seller: Well, considering the car's condition, upgrades, and mileage, I was thinking more along the lines of $9,000. Is that something you'd be open to?
	Buyer: I like the car, but I was thinking more around $8,500.
	Seller: I think I can meet you in the middle at $8,750, and that's as low as I can go.
	Buyer: How about $8,588?
	Seller: I'd be willing to meet you at $8,500.
	Buyer: I can do $8,200.
	Seller: I'll give you $8,250 and we can call it a deal.
	Buyer: I can do $8,088.
      ~~~~~~~~~~~~~~~~~~~~~~~~~~~~~~~~~~~~~~~~~~~~~~~~~~~~~~~~~~~~~~~~~~~~~~~~~~~~~~~~~~~~~~~~~~~~~~~~~
      Outcome: Rejected
      Agreed Price: N/A
      =================================================================================================
      ",,,,15,,,0.0666666666666666,189.0,
25,96e91a61-963a-4d0f-bd41-3f9c43aa8744,4 Cubicles for Sale,"Cubes for sale, 4 pack (2 deep, 2 wide). H:47, W:72, D:72.",furniture,400.0,240.0,400.0,Accepted,300.0,"	Buyer: Hi, I'm interested in purchasing the 4 cubicles for sale, can we discuss the price?
	Seller: The price of the four cubicles is $400, and they're in great condition, 4 pack (2 deep, 2 wide), 47 high, 72 wide, 72 deep.
	Buyer: What's the closest you'd be willing to go on the price?
	Seller: I can do $390, considering they're in great condition and priced similarly to other 4 cubicles in the market.
	Buyer: I think $350 would be more in line with my budget.
	Seller: I can see you're on a tight budget, but I can go up to $385, considering the great condition, the market price, and the fact that I'm selling them as a 4-pack.
	Buyer: I'm still a bit far from that, how about we meet at $320?
	Seller: I can do $357.
	Buyer: The target price is $240, I'd be willing to meet you at $300.
	Seller: I'm willing to accept that offer since it's very close to the target price of $240.
	Buyer: $300.
","[-1.0, -1.0, -1.0, 390.0, 350.0, 385.0, 320.0, 357.0, 240.0, 240.0, 300.0]","['intro', 'inform', 'inquire', 'offer', 'counter-price', 'counter-price', 'counter-price', 'offer', 'counter-price', 'offer', 'agree']","
      =================================================================================================
      Negotiation for: <4 Cubicles for Sale>
      =================================================================================================
      	Buyer: Hi, I'm interested in purchasing the 4 cubicles for sale, can we discuss the price?
	Seller: The price of the four cubicles is $400, and they're in great condition, 4 pack (2 deep, 2 wide), 47 high, 72 wide, 72 deep.
	Buyer: What's the closest you'd be willing to go on the price?
	Seller: I can do $390, considering they're in great condition and priced similarly to other 4 cubicles in the market.
	Buyer: I think $350 would be more in line with my budget.
	Seller: I can see you're on a tight budget, but I can go up to $385, considering the great condition, the market price, and the fact that I'm selling them as a 4-pack.
	Buyer: I'm still a bit far from that, how about we meet at $320?
	Seller: I can do $357.
	Buyer: The target price is $240, I'd be willing to meet you at $300.
	Seller: I'm willing to accept that offer since it's very close to the target price of $240.
	Buyer: $300.
      ~~~~~~~~~~~~~~~~~~~~~~~~~~~~~~~~~~~~~~~~~~~~~~~~~~~~~~~~~~~~~~~~~~~~~~~~~~~~~~~~~~~~~~~~~~~~~~~~~
      Outcome: Accepted
      Agreed Price: 300.0
      =================================================================================================
      ",0.25,0.25,0.75,11,0.0227272727272727,0.06818181818181818,0.0909090909090909,44.25,0.0681818181818181
26,c88f8812-523c-404c-b12b-ea6507495419,Long board custom bilt from the board up,Hey there cl I have a long board for sale pretty much brand knew rode all together 4 or 5 times . The brand on the deck is a gravity skateboard. The brand of trucks are sidewinder 2sGuwuing.mini monster hawgs 70mm 78a Wheels with Swiss bones bearings brand new. Please no low ballers thank you and have a great day .,bike,200.0,184.0,200.0,Rejected,,"	Buyer: I'm interested in your long board, sounds like it's in great condition.
	Seller: Yeah, I've taken good care of it, and it's been sitting in a dry place for most of the time. The bearings are brand new, and everything is still in its original packaging. Would you like to take a closer look?
	Buyer: That's reassuring, the bearing being new is a big plus for me.
	Seller: I think it's worth at least $190 considering its condition and the quality of the parts.
	Buyer: I'm glad to hear that, but I was thinking more along the lines of $175.
	Seller: I'd be willing to meet you in the middle at $185.
	Buyer: I can do $183.
	Seller: I can do $189 and that's as high as I'm willing to go.
	Buyer: I could go to $184, that's as high as I'm willing to go.
	Seller: I can do $186.
	Buyer: I'm not at $186, how about $184?
	Seller: How about $190?
	Buyer: I think $187 is the highest I can go.
	Seller: I can do $186.
	Buyer: I think $184 is a fair price, can you meet me there?
","[-1.0, -1.0, -1.0, 190.0, 175.0, 185.0, 183.0, 189.0, 184.0, 186.0, 186.0, 190.0, 187.0, 186.0, 184.0]","['intro', 'inform', 'inform', 'offer', 'counter-price', 'offer', 'counter-price', 'offer', 'counter-price', 'counter-price', 'counter-price', 'offer', 'counter-price', 'offer', 'counter-price']","
      =================================================================================================
      Negotiation for: <Long board custom bilt from the board up>
      =================================================================================================
      	Buyer: I'm interested in your long board, sounds like it's in great condition.
	Seller: Yeah, I've taken good care of it, and it's been sitting in a dry place for most of the time. The bearings are brand new, and everything is still in its original packaging. Would you like to take a closer look?
	Buyer: That's reassuring, the bearing being new is a big plus for me.
	Seller: I think it's worth at least $190 considering its condition and the quality of the parts.
	Buyer: I'm glad to hear that, but I was thinking more along the lines of $175.
	Seller: I'd be willing to meet you in the middle at $185.
	Buyer: I can do $183.
	Seller: I can do $189 and that's as high as I'm willing to go.
	Buyer: I could go to $184, that's as high as I'm willing to go.
	Seller: I can do $186.
	Buyer: I'm not at $186, how about $184?
	Seller: How about $190?
	Buyer: I think $187 is the highest I can go.
	Seller: I can do $186.
	Buyer: I think $184 is a fair price, can you meet me there?
      ~~~~~~~~~~~~~~~~~~~~~~~~~~~~~~~~~~~~~~~~~~~~~~~~~~~~~~~~~~~~~~~~~~~~~~~~~~~~~~~~~~~~~~~~~~~~~~~~~
      Outcome: Rejected
      Agreed Price: N/A
      =================================================================================================
      ",,,,15,,,0.0,4.166666666666667,
27,74609904-d277-4a99-91db-848cc47b5000,MASI 3V Volumetrica CCCP 1990 BRAND NEW (NOS),"IRD Blackbird Modified / Thomson X2,Masi CroMoly / Record C,Record (36h) / DT Swiss / Velocity Deep V / Schwalbe Ultremo R,Rear Wheel / Hub / Rim / Tire:,Record (36h) / DT Swiss / Velocity Deep V / Schwalbe Ultremo R,Saddle / Seat Post:",bike,3450.0,2070.0,3450.0,Rejected,,"	Buyer: Hi, I'm interested in the MASI 3V Volumetrica CCCP 1990 bike you're listing. It seems like a great piece of cycling history. Can we discuss the price?
	Seller: The bike is indeed a collector's item, and its value reflects its rarity and originality. I've taken great care to maintain its condition, and I've done my research to ensure a fair price. Would you like to take a look at some photos of the bike to get a better sense of its condition?
	Buyer: I appreciate your efforts in preserving its condition. I'd love to see those photos, but let's discuss the price first. My target is around $2070.
	Seller: That's an interesting target price, but I was thinking more along the lines of $3750. Considering its originality and the work I've put into maintaining its condition, I believe that price reflects its value. Would you be willing to meet me in the middle or consider other options?
	Buyer: I can do $3210, but that's as low as I can go.
	Seller: I can do $3200, but I'm willing to sweeten the deal. I'll throw in some free accessories to sweeten the deal.
	Buyer: I'm still a bit away from that, how about $3100?
	Seller: I was thinking more along the lines of $3650, considering the accessories I'll be throwing in.
	Buyer: I can do $3200, but that's as high as I'm willing to go.
	Seller: I think we're getting close, how about $3185 for the bike with the accessories?
	Buyer: I can do $3150, but that's as low as I can go.
	Seller: I can do $3150, but that's my final offer, and I'm willing to compromise further.
	Buyer: I think I can do $3140 for the bike.
	Seller: How about we meet in the middle of the $3200 and the $3150? I can do $3155 for the bike with the accessories.
	Buyer: I think the lowest I would want to go is $3030, that's my final offer.
","[-1.0, -1.0, -1.0, -1.0, 3210.0, 3200.0, 3100.0, 3650.0, 3200.0, 3185.0, 3150.0, 3150.0, 3140.0, 3200.0, 3030.0]","['intro', 'inform', 'inform', 'inquire', 'offer', 'offer', 'counter-price', 'offer', 'counter-price', 'offer', 'counter-price', 'offer', 'counter-price', 'offer', 'counter-price']","
      =================================================================================================
      Negotiation for: <MASI 3V Volumetrica CCCP 1990 BRAND NEW (NOS)>
      =================================================================================================
      	Buyer: Hi, I'm interested in the MASI 3V Volumetrica CCCP 1990 bike you're listing. It seems like a great piece of cycling history. Can we discuss the price?
	Seller: The bike is indeed a collector's item, and its value reflects its rarity and originality. I've taken great care to maintain its condition, and I've done my research to ensure a fair price. Would you like to take a look at some photos of the bike to get a better sense of its condition?
	Buyer: I appreciate your efforts in preserving its condition. I'd love to see those photos, but let's discuss the price first. My target is around $2070.
	Seller: That's an interesting target price, but I was thinking more along the lines of $3750. Considering its originality and the work I've put into maintaining its condition, I believe that price reflects its value. Would you be willing to meet me in the middle or consider other options?
	Buyer: I can do $3210, but that's as low as I can go.
	Seller: I can do $3200, but I'm willing to sweeten the deal. I'll throw in some free accessories to sweeten the deal.
	Buyer: I'm still a bit away from that, how about $3100?
	Seller: I was thinking more along the lines of $3650, considering the accessories I'll be throwing in.
	Buyer: I can do $3200, but that's as high as I'm willing to go.
	Seller: I think we're getting close, how about $3185 for the bike with the accessories?
	Buyer: I can do $3150, but that's as low as I can go.
	Seller: I can do $3150, but that's my final offer, and I'm willing to compromise further.
	Buyer: I think I can do $3140 for the bike.
	Seller: How about we meet in the middle of the $3200 and the $3150? I can do $3155 for the bike with the accessories.
	Buyer: I think the lowest I would want to go is $3030, that's my final offer.
      ~~~~~~~~~~~~~~~~~~~~~~~~~~~~~~~~~~~~~~~~~~~~~~~~~~~~~~~~~~~~~~~~~~~~~~~~~~~~~~~~~~~~~~~~~~~~~~~~~
      Outcome: Rejected
      Agreed Price: N/A
      =================================================================================================
      ",,,,15,,,0.0666666666666666,127.27272727272727,
28,88b0b813-3328-4d84-a6b9-fe3dbc639050,TREK JET 20 S for 5-10 Year Old Kid,"Fits 5-10 year old child depening on height,Single Speed",bike,100.0,76.0,100.0,Rejected,,"	Buyer: Hi, I'm interested in the TREK JET 20 S bike for my 7-year-old. Can you tell me more about it?
	Seller: The TREK JET 20 S is a great bike for kids, perfect for a child around your son's age. It's a single-speed bike that fits children depending on their height, making it an ideal choice. The bike is made from durable materials and has a sleek design that's both fun and functional. As for the price, I was thinking more along the lines of $80.
	Buyer: What's the listing price of the bike?
	Seller: Our listing price is $100, but we're open to negotiations to find a mutually agreeable price.
	Buyer: The listing price seems a bit high for my budget. Can you tell me more about why the bike is worth $100?
	Seller: Well, we've priced the TREK JET 20 S competitively based on its quality, durability, and features. The single-speed mechanism is easy to use for kids, and the bike is designed to last for several years, making it a great value for the price.
	Buyer: I can go up to $78.
	Seller: I'm willing to meet you halfway, how about $90?
	Buyer: I can go up to $82.
	Seller: I can do $92, it's the closest I can get to my target price while still being reasonable.
	Buyer: I think the lowest I would want to go is $76.
	Seller: I'd be willing to offer you $88.
	Buyer: I think the lowest I would want to go is $80.
	Seller: I think we're getting close, how about $87?
	Buyer: $82.
","[-1.0, -1.0, -1.0, -1.0, -1.0, -1.0, 78.0, 90.0, 82.0, 92.0, 76.0, 88.0, 80.0, 87.0, 82.0]","['intro', 'inform', 'inquire', 'inform', 'inform', 'inform', 'offer', 'offer', 'counter-price', 'offer', 'counter-price', 'offer', 'counter-price', 'offer', 'counter-price']","
      =================================================================================================
      Negotiation for: <TREK JET 20 S for 5-10 Year Old Kid>
      =================================================================================================
      	Buyer: Hi, I'm interested in the TREK JET 20 S bike for my 7-year-old. Can you tell me more about it?
	Seller: The TREK JET 20 S is a great bike for kids, perfect for a child around your son's age. It's a single-speed bike that fits children depending on their height, making it an ideal choice. The bike is made from durable materials and has a sleek design that's both fun and functional. As for the price, I was thinking more along the lines of $80.
	Buyer: What's the listing price of the bike?
	Seller: Our listing price is $100, but we're open to negotiations to find a mutually agreeable price.
	Buyer: The listing price seems a bit high for my budget. Can you tell me more about why the bike is worth $100?
	Seller: Well, we've priced the TREK JET 20 S competitively based on its quality, durability, and features. The single-speed mechanism is easy to use for kids, and the bike is designed to last for several years, making it a great value for the price.
	Buyer: I can go up to $78.
	Seller: I'm willing to meet you halfway, how about $90?
	Buyer: I can go up to $82.
	Seller: I can do $92, it's the closest I can get to my target price while still being reasonable.
	Buyer: I think the lowest I would want to go is $76.
	Seller: I'd be willing to offer you $88.
	Buyer: I think the lowest I would want to go is $80.
	Seller: I think we're getting close, how about $87?
	Buyer: $82.
      ~~~~~~~~~~~~~~~~~~~~~~~~~~~~~~~~~~~~~~~~~~~~~~~~~~~~~~~~~~~~~~~~~~~~~~~~~~~~~~~~~~~~~~~~~~~~~~~~~
      Outcome: Rejected
      Agreed Price: N/A
      =================================================================================================
      ",,,,15,,,0.0666666666666666,8.666666666666666,
29,2064a51a-6395-4888-b8de-0bf65d43f2e9,"Bottom Floor, 2 Bd/2 Bth, Large Patio! Close to downtown, W.C. area!","Unwind in Your New Home Call Now:,114 Sharene Lane, Walnut creek, CA, 94596,http://rent.braddockandloganhomes.com/i0k029,This is a 2 Bedroom, 1 Bath, approximately 950 Sq. Ft.,Why look any more we have the Perfect home for you!!!Hurry they are going fast!! You will restore your energy so you can be doing the activities you enjoy. Make The Pines your next apartment home! Pets are also welcome!,- Private Patio,- Dishwasher,- Cable Ready,- Range (Electric/ Gas),- Air Conditioner (Window),- Heat (gas),- Microwave,- Large Closets",housing,2250.0,1350.0,2250.0,Accepted,1825.0,"	Buyer: I'm interested in the apartment, and I'd like to discuss the price. Can we talk about the cost?
	Seller: Of course! I'd be happy to discuss the price of the apartment. We've already listed it at a competitive market price of 1920.
	Buyer: I'm still a bit above my target, I can consider it for 1750.
	Seller: I understand your target, but considering the location and the amenities, I was thinking more along the lines of 1930.
	Buyer: I think 1850 is a bit more in line with what I'm comfortable with.
	Seller: I see your point, and I can see we're close to each other. How about we meet in the middle at 1875?
	Buyer: I can do $1825.
	Seller: That sounds reasonable, I think we've found a fair price, and I'm willing to accept $1825.
","[-1.0, -1.0, -1.0, -1.0, -1.0, -1.0, 1825.0, 1825.0]","['intro', 'intro', 'counter-price', 'offer', 'counter-price', 'counter-price', 'counter-price', 'accept']","
      =================================================================================================
      Negotiation for: <Bottom Floor, 2 Bd/2 Bth, Large Patio! Close to downtown, W.C. area!>
      =================================================================================================
      	Buyer: I'm interested in the apartment, and I'd like to discuss the price. Can we talk about the cost?
	Seller: Of course! I'd be happy to discuss the price of the apartment. We've already listed it at a competitive market price of 1920.
	Buyer: I'm still a bit above my target, I can consider it for 1750.
	Seller: I understand your target, but considering the location and the amenities, I was thinking more along the lines of 1930.
	Buyer: I think 1850 is a bit more in line with what I'm comfortable with.
	Seller: I see your point, and I can see we're close to each other. How about we meet in the middle at 1875?
	Buyer: I can do $1825.
	Seller: That sounds reasonable, I think we've found a fair price, and I'm willing to accept $1825.
      ~~~~~~~~~~~~~~~~~~~~~~~~~~~~~~~~~~~~~~~~~~~~~~~~~~~~~~~~~~~~~~~~~~~~~~~~~~~~~~~~~~~~~~~~~~~~~~~~~
      Outcome: Accepted
      Agreed Price: 1825.0
      =================================================================================================
      ",-0.0555555555555555,0.1888888888888888,0.9444444444444444,8,-0.0069444444444444,0.11805555555555555,0.0,0.0,0.1180555555555555
