Unnamed: 0,scenario_id,title,description,category,listing_price,buyer_target,seller_target,outcome,accepted_price,transcript,prices,actions,transcript_display,bias,aggressiveness,fairness,dialogue_length,bias_cond_dialogue_length
0,09aea678-c5cd-4967-8a2f-b650f3520c55,Verizon Car Charger with Dual Output Micro USB and LED Light,Charge two devices simultaneously on the go. This vehicle charger with an additional USB port delivers enough power to charge two devices at once. The push-button activated LED connector light means no more fumbling in the dark trying to connect your device. Auto Detect IC Technology automatically detects the device type and its specific charging needs for improved compatibility. And the built-in indicator light illuminates red to let you know the charger is receiving power and the power socket is working properly.,phone,10.0,7.0,10.0,Accepted,10.0,"	Buyer: the verizon car charger with dual output micro usb
",[-1.0],['accept'],"
      =================================================================================================
      Negotiation for: <Verizon Car Charger with Dual Output Micro USB and LED Light>
      =================================================================================================
      	Buyer: the verizon car charger with dual output micro usb
      ~~~~~~~~~~~~~~~~~~~~~~~~~~~~~~~~~~~~~~~~~~~~~~~~~~~~~~~~~~~~~~~~~~~~~~~~~~~~~~~~~~~~~~~~~~~~~~~~~
      Outcome: Accepted
      Agreed Price: 10.0
      =================================================================================================
      ",-1.0,0.0,0.0,1,-1.0
1,e5cd53dc-424c-4197-8eb8-ed8861b19e0d,Long board custom bilt from the board up,Hey there cl I have a long board for sale pretty much brand knew rode all together 4 or 5 times . The brand on the deck is a gravity skateboard. The brand of trucks are sidewinder 2sGuwuing.mini monster hawgs 70mm 78a Wheels with Swiss bones bearings brand new. Please no low ballers thank you and have a great day .,bike,200.0,120.0,200.0,Accepted,200.0,"	Buyer: i can go up to $190 considering the
	Seller: the item is rare and i have to say
","[-1.0, -1.0]","['counter', 'accept']","
      =================================================================================================
      Negotiation for: <Long board custom bilt from the board up>
      =================================================================================================
      	Buyer: i can go up to $190 considering the
	Seller: the item is rare and i have to say
      ~~~~~~~~~~~~~~~~~~~~~~~~~~~~~~~~~~~~~~~~~~~~~~~~~~~~~~~~~~~~~~~~~~~~~~~~~~~~~~~~~~~~~~~~~~~~~~~~~
      Outcome: Accepted
      Agreed Price: 200.0
      =================================================================================================
      ",-1.0,0.0,0.0,2,-0.5
2,02cfdc52-9530-4ac7-97fa-e4055cd0b6d0,Sectional Couch,I am remodeling my space and selling a beautiful custom modern terra cotta color sectional couch. It is in like-new condition and can be taken apart in two pieces while transporting. Absolutely no wear or tear in a non-smoking home. I am located in the Sunset district of SF. Please email if you are interested in seeing it. Thank you!,furniture,585.0,444.0,585.0,Accepted,500.0,"	Buyer: i am willing to go up to $550, considering
	Seller: i can do $500, but i
	Buyer: i am willing to pay $500 and willing
","[-1.0, -1.0, -1.0]","['counter', 'anchor', 'accept']","
      =================================================================================================
      Negotiation for: <Sectional Couch>
      =================================================================================================
      	Buyer: i am willing to go up to $550, considering
	Seller: i can do $500, but i
	Buyer: i am willing to pay $500 and willing
      ~~~~~~~~~~~~~~~~~~~~~~~~~~~~~~~~~~~~~~~~~~~~~~~~~~~~~~~~~~~~~~~~~~~~~~~~~~~~~~~~~~~~~~~~~~~~~~~~~
      Outcome: Accepted
      Agreed Price: 585.0
      =================================================================================================
      ",0.2056737588652482,0.1452991452991453,0.7943262411347518,3,0.0685579196217494
3,8ba14ae4-1de2-4551-9959-d95d54141be5,2006 Toyota 4Runner 4WD - Only 106k Miles - Clean Title,"Selling my 2006 Toyota 4 Runner with only 106k original miles. The truck is in great condition with no mechanical flaws whatsoever and a clean accident history. Got new tires about 3,000 miles ago. Always has the oil changed on time (due in about 1k). Just got a thorough cleaning inside and a wash and wax outside (still wet in the photos). This truck has never been offroad, but the 4WD is working perfectly from the few times we've been up to Tahoe in it. However, it's a 10+ year old truck that's been driven, not babied and garaged all the time. It's got some scratches, paint is not perfect, but zero body damage.",car,14500.0,8700.0,14500.0,Rejected,,"	Buyer: i'm willing to offer $2000
	Seller: i can do $180 given the
	Buyer: $1900.
	Seller: i can do $180 given the item
	Buyer: 
	Seller: i can do $180 given the
	Buyer: i can do $1850, considering the
	Seller: i can do $1900 given the item
	Buyer: we were thinking of getting it for $8000
	Seller: <the agent's message>
	Buyer: <the agent's message>
	Seller: i can do $1900 given
	Buyer: considering the scratches and the higher
	Seller: i can do $2000 given the
	Buyer: i can do $180 given
","[-1.0, -1.0, -1.0, -1.0, -1.0, -1.0, -1.0, -1.0, -1.0, -1.0, -1.0, -1.0, -1.0, -1.0, -1.0]","['offer', 'counter', 'counter', 'counter', '', 'counter', 'counter', 'counter', 'counter', '<offer|counter|accept|reject>', '<offer|counter|accept|reject>', '<offer|counter|accept|reject>', 'counter', 'counter', 'counter']","
      =================================================================================================
      Negotiation for: <2006 Toyota 4Runner 4WD - Only 106k Miles - Clean Title>
      =================================================================================================
      	Buyer: i'm willing to offer $2000
	Seller: i can do $180 given the
	Buyer: $1900.
	Seller: i can do $180 given the item
	Buyer: 
	Seller: i can do $180 given the
	Buyer: i can do $1850, considering the
	Seller: i can do $1900 given the item
	Buyer: we were thinking of getting it for $8000
	Seller: <the agent's message>
	Buyer: <the agent's message>
	Seller: i can do $1900 given
	Buyer: considering the scratches and the higher
	Seller: i can do $2000 given the
	Buyer: i can do $180 given
      ~~~~~~~~~~~~~~~~~~~~~~~~~~~~~~~~~~~~~~~~~~~~~~~~~~~~~~~~~~~~~~~~~~~~~~~~~~~~~~~~~~~~~~~~~~~~~~~~~
      Outcome: Rejected
      Agreed Price: N/A
      =================================================================================================
      ",,,,15,
4,cbd117d3-ebb8-4b5d-9817-905e351a2368,Wooden FULL SIZED Futon w/ 2 Slip Covers $125 obo,Just bought on craigslist a few months ago. was exactly what I was looking for but ended up being a tight fit for the space. Classic design. comes with all white slip cover and dove grey slip cover.,furniture,125.0,95.0,125.0,Accepted,90.0,"	Buyer: i can accept $90
",[-1.0],['accept'],"
      =================================================================================================
      Negotiation for: <Wooden FULL SIZED Futon w/ 2 Slip Covers $125 obo>
      =================================================================================================
      	Buyer: i can accept $90
      ~~~~~~~~~~~~~~~~~~~~~~~~~~~~~~~~~~~~~~~~~~~~~~~~~~~~~~~~~~~~~~~~~~~~~~~~~~~~~~~~~~~~~~~~~~~~~~~~~
      Outcome: Accepted
      Agreed Price: 125.0
      =================================================================================================
      ",1.3333333333333335,0.28,-0.33333333333333326,1,1.3333333333333335
5,15a0be73-0d95-4adb-9231-b3e0e0a687b3,Brand NEW SanDisk ULTRA MicroSDXC 200GB,"I have a brand new unopened microSD card. Great for Android users, Nintendo Switch, 3DS and GoPro cameras, and beyond.",electronics,75.0,69.0,75.0,Accepted,69.0,"	Buyer: $69.0 works for me.
",[-1.0],['accept'],"
      =================================================================================================
      Negotiation for: <Brand NEW SanDisk ULTRA MicroSDXC 200GB>
      =================================================================================================
      	Buyer: $69.0 works for me.
      ~~~~~~~~~~~~~~~~~~~~~~~~~~~~~~~~~~~~~~~~~~~~~~~~~~~~~~~~~~~~~~~~~~~~~~~~~~~~~~~~~~~~~~~~~~~~~~~~~
      Outcome: Accepted
      Agreed Price: 75.0
      =================================================================================================
      ",1.0,0.08,0.0,1,1.0
6,69a2d2b0-e339-45bc-8e00-9ff69db0d124,Bose Soundlink 3 brand new,"Brand new never use, i got it has a gift but i am using sonos system.",electronics,220.0,132.0,220.0,Accepted,200.0,"	Buyer: i can offer $205, considering it
	Seller: i can do $190, but it
	Buyer: i can do $200, but
	Seller: <the agent's message>
	Buyer: $200 works for me. let's
","[-1.0, -1.0, -1.0, -1.0, -1.0]","['counter', 'counter', 'counter', '<offer|counter|accept|reject>', 'accept']","
      =================================================================================================
      Negotiation for: <Bose Soundlink 3 brand new>
      =================================================================================================
      	Buyer: i can offer $205, considering it
	Seller: i can do $190, but it
	Buyer: i can do $200, but
	Seller: <the agent's message>
	Buyer: $200 works for me. let's
      ~~~~~~~~~~~~~~~~~~~~~~~~~~~~~~~~~~~~~~~~~~~~~~~~~~~~~~~~~~~~~~~~~~~~~~~~~~~~~~~~~~~~~~~~~~~~~~~~~
      Outcome: Accepted
      Agreed Price: 220.0
      =================================================================================================
      ",-0.5454545454545454,0.09090909090909091,0.4545454545454546,5,-0.10909090909090909
7,ff3d27d6-5a0d-4908-9df4-ecf8b2b279aa,Apple iPhone 5S 16gb Space Gray,"Apple iPhone 5S 16gb Space Gray,Like New Condition (no scratches anywhere),Will be reset to factory specs before sale",phone,160.0,121.0,160.0,Accepted,140.0,"	Buyer: 
	Seller: i appreciate your research, but i can do $
	Buyer: $140.0 works for me.
","[-1.0, -1.0, -1.0]","['offer', 'counter', 'accept']","
      =================================================================================================
      Negotiation for: <Apple iPhone 5S 16gb Space Gray>
      =================================================================================================
      	Buyer: 
	Seller: i appreciate your research, but i can do $
	Buyer: $140.0 works for me.
      ~~~~~~~~~~~~~~~~~~~~~~~~~~~~~~~~~~~~~~~~~~~~~~~~~~~~~~~~~~~~~~~~~~~~~~~~~~~~~~~~~~~~~~~~~~~~~~~~~
      Outcome: Accepted
      Agreed Price: 160.0
      =================================================================================================
      ",0.02564102564102555,0.125,0.9743589743589743,3,0.008547008547008517
8,8d7a36d0-3926-4ef7-be9d-b1dbee2b2d15,Steel Frame Colnago,Rare and classic 62cm Steel Frame Colnago!! It's made and designed for the tall/ large man. Campanella components. Saddle is on my Cannondale. It was turned up about 25 miles of riding ago.,bike,600.0,456.0,600.0,Accepted,325.0,"	Buyer: i'll start with an offer of $
	Seller: i can do $325, but
	Buyer: i understand you can do $325, but the
	Seller: i see what you did there with the
	Buyer: i accept your offer of $200.0
","[-1.0, -1.0, -1.0, -1.0, -1.0]","['offer', 'counter', 'counter', 'counter', 'accept']","
      =================================================================================================
      Negotiation for: <Steel Frame Colnago>
      =================================================================================================
      	Buyer: i'll start with an offer of $
	Seller: i can do $325, but
	Buyer: i understand you can do $325, but the
	Seller: i see what you did there with the
	Buyer: i accept your offer of $200.0
      ~~~~~~~~~~~~~~~~~~~~~~~~~~~~~~~~~~~~~~~~~~~~~~~~~~~~~~~~~~~~~~~~~~~~~~~~~~~~~~~~~~~~~~~~~~~~~~~~~
      Outcome: Accepted
      Agreed Price: 600.0
      =================================================================================================
      ",2.8194444444444446,0.4583333333333333,-1.8194444444444446,5,0.5638888888888889
9,28281abc-4e98-4748-bab4-1e095d8d68bf,Beautiful 1 Bedroom Home with Balcony Available Mid June!,"Essex Property Trust,EMME Apartment Homes,6350 Christie Ave, Emeryville, CA 94608,We will have a 1 bedroom 1 bath 643 sq ft apartment #130 available on June 10th! Your beautiful new kitchen will have Cesar stone countertops, dark cherry wood on the cabinets and stainless steel appliances!,All of emme apartments come with a full size front load washer & dryer! Emme offers amenities such as our 24 hour gym, courtyard, clubhouse and our beautiful roof top deck, a must see with a great view of San Francisco! Living at emme makes life a bit easier with having everything you need right around the corner, from grocery stores to retail! Not to mention, transportation!,Emeryville provides us a free shuttle that picks you up right in front of the community and takes you straight to bart!,Schedule your appointment today!!,Stop by our 2 bedroom home OPEN HOUSE this Saturday, May 20th from 10:00 AM - 12:00 PM!",housing,2834.0,1700.0,2834.0,Accepted,2800.0,"	Buyer: i'd like to offer $2200,
	Seller: <the agent's message>
	Buyer: <the agent's message>
	Seller: i can offer $2400 given
	Buyer: <the agent's message>
	Seller: i can offer $2800, given the
	Buyer: <the agent's message>
	Seller: <the agent's message>
	Buyer: i understand your concern about the short
	Seller: i can offer $
	Buyer: $200 works for me. let's finalize
","[-1.0, -1.0, -1.0, -1.0, -1.0, -1.0, -1.0, -1.0, -1.0, -1.0, -1.0]","['offer', '<offer|counter|accept|reject>', '<offer|counter|accept|reject>', '<offer|counter|accept|reject>', '<offer|counter|', 'counter', '<offer|counter|accept|reject>', '<offer|counter|accept|reject>', 'counter', '<offer|counter|accept|reject>', 'accept']","
      =================================================================================================
      Negotiation for: <Beautiful 1 Bedroom Home with Balcony Available Mid June!>
      =================================================================================================
      	Buyer: i'd like to offer $2200,
	Seller: <the agent's message>
	Buyer: <the agent's message>
	Seller: i can offer $2400 given
	Buyer: <the agent's message>
	Seller: i can offer $2800, given the
	Buyer: <the agent's message>
	Seller: <the agent's message>
	Buyer: i understand your concern about the short
	Seller: i can offer $
	Buyer: $200 works for me. let's finalize
      ~~~~~~~~~~~~~~~~~~~~~~~~~~~~~~~~~~~~~~~~~~~~~~~~~~~~~~~~~~~~~~~~~~~~~~~~~~~~~~~~~~~~~~~~~~~~~~~~~
      Outcome: Accepted
      Agreed Price: 2834.0
      =================================================================================================
      ",-0.9400352733686067,0.011997177134791814,0.059964726631393295,11,-0.08545775212441879
10,c497f40d-ef5a-4808-83f6-65762f2af59c,Travel Electrical Adaptor Connection Pack Adapter,"Features:,*Each adapter clearly labeled for easy identification.,*Selection guide makes adapter identification quick and easy,*Deluxe organizer case holds all adapters,*Mini-zipper case lets you carry just the adapters you need",electronics,15.0,13.0,15.0,Accepted,15.0,"	Buyer: <the agent's message>
	Seller: i can do $200 due to its high
	Buyer: $190 is too low.
	Seller: this item is priced competit
	Buyer: i can do $190,
	Seller: i can do $220, considering the item's premium
	Buyer: i accept your offer of $220
","[-1.0, 200.0, -1.0, -1.0, -1.0, -1.0, -1.0]","['<offer|counter|accept|reject>', 'offer', 'counter', 'counter', 'counter', 'counter', 'accept']","
      =================================================================================================
      Negotiation for: <Travel Electrical Adaptor Connection Pack Adapter>
      =================================================================================================
      	Buyer: <the agent's message>
	Seller: i can do $200 due to its high
	Buyer: $190 is too low.
	Seller: this item is priced competit
	Buyer: i can do $190,
	Seller: i can do $220, considering the item's premium
	Buyer: i accept your offer of $220
      ~~~~~~~~~~~~~~~~~~~~~~~~~~~~~~~~~~~~~~~~~~~~~~~~~~~~~~~~~~~~~~~~~~~~~~~~~~~~~~~~~~~~~~~~~~~~~~~~~
      Outcome: Accepted
      Agreed Price: 200.0
      =================================================================================================
      ",-1.0,0.0,0.0,7,-0.14285714285714285
11,2a9d3e5b-434e-4175-8895-54f6a60f9569,Panasonic DVD Player,"Panasonic DVD Player: in excellent condition with no blemishes, scratches or dents. Looks and operates as if new.",electronics,55.0,41.0,55.0,Accepted,50.0,"	Buyer: <the agent's message>
	Seller: i can see why you
	Buyer: i can do $50 and that
	Seller: i can do $150 given
	Buyer: i can see why you'd want
	Seller: i can do $150 given the item's
	Buyer: <the agent's message>
	Seller: i can do $55 given the
	Buyer: i can do $50 and
	Seller: i can do $150 given the
	Buyer: <the agent's message>
	Seller: <the agent's message>
	Buyer: 
","[-1.0, -1.0, -1.0, -1.0, -1.0, -1.0, -1.0, -1.0, -1.0, -1.0, -1.0, -1.0, -1.0]","['<offer|counter|accept|reject>', 'anchor', 'counter', 'counter', 'counter', 'counter', '<offer|counter|accept|reject>', 'counter', 'counter', 'counter', '<offer|counter|accept|reject>', '<offer|counter|accept|reject>', 'accept']","
      =================================================================================================
      Negotiation for: <Panasonic DVD Player>
      =================================================================================================
      	Buyer: <the agent's message>
	Seller: i can see why you
	Buyer: i can do $50 and that
	Seller: i can do $150 given
	Buyer: i can see why you'd want
	Seller: i can do $150 given the item's
	Buyer: <the agent's message>
	Seller: i can do $55 given the
	Buyer: i can do $50 and
	Seller: i can do $150 given the
	Buyer: <the agent's message>
	Seller: <the agent's message>
	Buyer:
      ~~~~~~~~~~~~~~~~~~~~~~~~~~~~~~~~~~~~~~~~~~~~~~~~~~~~~~~~~~~~~~~~~~~~~~~~~~~~~~~~~~~~~~~~~~~~~~~~~
      Outcome: Accepted
      Agreed Price: 55.0
      =================================================================================================
      ",-0.2857142857142857,0.09090909090909091,0.7142857142857143,13,-0.021978021978021976
12,aa477e27-290b-4db8-9f46-843710ac0ca6,Sol Republic Wireless Bluetooth Headphones,"A2 Sound Engines with clear highs and detailed deep bass,Super-Power Wireless - Control Tracks Air from up to 150 feet away",electronics,155.0,93.0,155.0,Accepted,145.0,"	Buyer: $145 works for me.
",[-1.0],['accept'],"
      =================================================================================================
      Negotiation for: <Sol Republic Wireless Bluetooth Headphones>
      =================================================================================================
      	Buyer: $145 works for me.
      ~~~~~~~~~~~~~~~~~~~~~~~~~~~~~~~~~~~~~~~~~~~~~~~~~~~~~~~~~~~~~~~~~~~~~~~~~~~~~~~~~~~~~~~~~~~~~~~~~
      Outcome: Accepted
      Agreed Price: 155.0
      =================================================================================================
      ",-0.6774193548387097,0.06451612903225806,0.32258064516129037,1,-0.6774193548387097
13,004ae449-2c9c-4c29-b133-035ba955ff36,2010 camaro ss   on zl1 rims runs good 2018 tags clean title,selling my 2010 camaro ss  6.2L  auto and  maunal  runs good  120miles,car,14800.0,11248.0,14800.0,Accepted,14800.0,"	Buyer: i'll pass on the $200 offer.
	Seller: i can do $180 given the item
	Buyer: <the agent's message>
	Seller: i can do $180 given the
	Buyer: i can do $140 considering the mileage and
	Seller: <the agent's message>
	Buyer: i'll start with an offer below
	Seller: i can do $180 given the item
	Buyer: i'd like to offer $<price>
	Seller: <the agent's message>
	Buyer: 
	Seller: <the agent's message>
	Buyer: i'd like to buy a new car
	Seller: 
","[-1.0, -1.0, -1.0, -1.0, -1.0, -1.0, -1.0, -1.0, -1.0, -1.0, -1.0, -1.0, -1.0, -1.0]","['offer', 'counter', '<offer|counter|accept|reject>', 'counter', 'offer', '<offer|counter|accept|reject>', '<offer|counter|accept|reject>', '<offer|counter|accept|reject>', 'counter', 'counter', '', '<offer|counter|accept|reject>', 'offer', 'accept']","
      =================================================================================================
      Negotiation for: <2010 camaro ss   on zl1 rims runs good 2018 tags clean title>
      =================================================================================================
      	Buyer: i'll pass on the $200 offer.
	Seller: i can do $180 given the item
	Buyer: <the agent's message>
	Seller: i can do $180 given the
	Buyer: i can do $140 considering the mileage and
	Seller: <the agent's message>
	Buyer: i'll start with an offer below
	Seller: i can do $180 given the item
	Buyer: i'd like to offer $<price>
	Seller: <the agent's message>
	Buyer: 
	Seller: <the agent's message>
	Buyer: i'd like to buy a new car
	Seller:
      ~~~~~~~~~~~~~~~~~~~~~~~~~~~~~~~~~~~~~~~~~~~~~~~~~~~~~~~~~~~~~~~~~~~~~~~~~~~~~~~~~~~~~~~~~~~~~~~~~
      Outcome: Accepted
      Agreed Price: 14800.0
      =================================================================================================
      ",-1.0,0.0,0.0,14,-0.07142857142857142
14,a0506792-e0c2-49e0-a0a3-600a1d46e42b,2016 Raleigh Kodiak II 27.5 Upgraded Size L 2x10 spd.,"Got for sale a sweet 2016 Raleigh Kodiak II Full suspension w/120mm of travel front and back by Rock Shox with lockout on the front and 3 positions on the rear from Fox Factory w/Boost and Kashima Coating (pictured is the RT3 but that's not longer available) full SRAM's components i.e. SRAM XX rear der. (long cage) XO front der. XO grip shift, 175mm Race Face Turbine with CINCH technology 38/26, Praxis Works 11/40 cassette, KS Lev eTen remote (100mm travel) dropper post, and a sweet ass Roval Traverse Alloy boost+ wheelset w/DT's internals, SRAM Guide Hydro RS brakes (4 piston caliper) frame and fork is 15mm/12mm t/a and a nice Fiz√Øk Tundra 2 kium rails. if you like to see the bike Monday's or Thursday's are the best as those are my day off, let me know if you have any questions and hit me up @",bike,2000.0,1520.0,2000.0,Accepted,1800.0,"	Buyer: i'd like to offer $1800.
	Seller: i can do $1900
	Buyer: <the agent's message>
	Seller: i can do $1900 given the item
	Buyer: <the agent's message>
	Seller: <the agent's message>
	Buyer: i'd like to offer $1800
","[-1.0, -1.0, -1.0, -1.0, -1.0, -1.0, -1.0]","['offer', 'counter', '<offer|counter|accept|reject>', 'counter', '<offer|counter|accept|reject>', '<offer|counter|accept|reject>', 'accept']","
      =================================================================================================
      Negotiation for: <2016 Raleigh Kodiak II 27.5 Upgraded Size L 2x10 spd.>
      =================================================================================================
      	Buyer: i'd like to offer $1800.
	Seller: i can do $1900
	Buyer: <the agent's message>
	Seller: i can do $1900 given the item
	Buyer: <the agent's message>
	Seller: <the agent's message>
	Buyer: i'd like to offer $1800
      ~~~~~~~~~~~~~~~~~~~~~~~~~~~~~~~~~~~~~~~~~~~~~~~~~~~~~~~~~~~~~~~~~~~~~~~~~~~~~~~~~~~~~~~~~~~~~~~~~
      Outcome: Accepted
      Agreed Price: 2000.0
      =================================================================================================
      ",-0.16666666666666663,0.1,0.8333333333333334,7,-0.023809523809523805
15,a3350e93-cd7e-40ce-97e3-a88b04e8bb60,~~~STUDIO CHARM~~~,"*Private bath,*Fresh new look,* very near to Emeryville Bay Street,* West MAcArthur Bart 8 - 10 blocks away",housing,1400.0,1288.0,1400.0,Accepted,1400.0,"	Buyer: i'd like to accept your offer of $
",[-1.0],['accept'],"
      =================================================================================================
      Negotiation for: <~~~STUDIO CHARM~~~>
      =================================================================================================
      	Buyer: i'd like to accept your offer of $
      ~~~~~~~~~~~~~~~~~~~~~~~~~~~~~~~~~~~~~~~~~~~~~~~~~~~~~~~~~~~~~~~~~~~~~~~~~~~~~~~~~~~~~~~~~~~~~~~~~
      Outcome: Accepted
      Agreed Price: 1400.0
      =================================================================================================
      ",-1.0,0.0,0.0,1,-1.0
16,ae688733-1034-4c21-876d-33fd30897cff,KONA woman's bicycle with panniers,"Includes two Jandd panniers, Kryptonite lock, Shimano Deore gear shifts with 9 settings, bell, mirror. Great for city shopping and short trips.",bike,200.0,120.0,200.0,Accepted,180.0,"	Buyer: <the agent's message>
	Seller: <the agent's message>
	Buyer: i can do $180, but
	Seller: i can add the lock, but
	Buyer: 
","[-1.0, -1.0, -1.0, -1.0, -1.0]","['<offer|counter|accept|reject>', '<offer|counter|accept|reject>', 'counter', 'counter', 'accept']","
      =================================================================================================
      Negotiation for: <KONA woman's bicycle with panniers>
      =================================================================================================
      	Buyer: <the agent's message>
	Seller: <the agent's message>
	Buyer: i can do $180, but
	Seller: i can add the lock, but
	Buyer:
      ~~~~~~~~~~~~~~~~~~~~~~~~~~~~~~~~~~~~~~~~~~~~~~~~~~~~~~~~~~~~~~~~~~~~~~~~~~~~~~~~~~~~~~~~~~~~~~~~~
      Outcome: Accepted
      Agreed Price: 200.0
      =================================================================================================
      ",-0.5,0.1,0.5,5,-0.1
17,8f89250b-64a7-4153-855d-baea499922fc,SMARTPHONE LEATHER BELT HOLSTER,"or email me at: rocksmith281@gmail for further information. I ONLY DO IN PERSON TRANSACTIONS, NO TRADES, CASH ONLY.,This stylish textured leather belt holster is big enough to accommodate the iPhone, Samsung, HTC, and many more. Features a felt lined interior for maximum protection, a solid metal clip and magnetic latch.,Specifications",phone,30.0,22.0,30.0,Accepted,,"	Buyer: <the agent's message>
	Seller: i can offer $200 given
	Buyer: i can offer $180
	Seller: i can do $190 for you, but
	Buyer: i can do $180, considering the
","[-1.0, -1.0, -1.0, -1.0, -1.0]","['<offer|counter|accept|reject>', 'counter', 'offer', 'counter', 'accept']","
      =================================================================================================
      Negotiation for: <SMARTPHONE LEATHER BELT HOLSTER>
      =================================================================================================
      	Buyer: <the agent's message>
	Seller: i can offer $200 given
	Buyer: i can offer $180
	Seller: i can do $190 for you, but
	Buyer: i can do $180, considering the
      ~~~~~~~~~~~~~~~~~~~~~~~~~~~~~~~~~~~~~~~~~~~~~~~~~~~~~~~~~~~~~~~~~~~~~~~~~~~~~~~~~~~~~~~~~~~~~~~~~
      Outcome: Accepted
      Agreed Price: 30.0
      =================================================================================================
      ",-1.0,0.0,0.0,5,-0.2
18,6aee3e1a-dadd-46fb-a701-b63fdaa4cdd4,"2013 mercedes c250 *navigation* clean - $12,000","Up for sale is a 2013 c250 with only  45k. Interior is loaded with technology and in new condition, the paint is immaculate on the exterior. The tires are new. Additional options include:,Navigation,Attention Assist (warns you if your drowsy),Automatic Windsheild Wipers,Bluetooth Audio Connectivity (for audio),Bluetooth Phone Connectivity (for phone calls),USB Connectivity",car,12000.0,9120.0,12000.0,Rejected,,"	Buyer: i'm not willing to go that low.
	Seller: <the agent's message>
	Buyer: i can do $10500, but that's as
	Seller: i can do $11500, considering the item's
	Buyer: i can do $100
	Seller: i can do $180 given the item's
	Buyer: i can do $10500,
	Seller: <the agent's message>
	Buyer: i can offer $100 considering the
	Seller: i can do $11500
	Buyer: i can do $11,000
	Seller: <the agent's message>
	Buyer: 
	Seller: i can do $180 given
	Buyer: <the agent's message>
","[-1.0, -1.0, -1.0, -1.0, -1.0, -1.0, -1.0, -1.0, -1.0, -1.0, -1.0, -1.0, -1.0, -1.0, -1.0]","['counter', '<offer|counter|accept|reject>', 'offer', 'counter', 'counteroffer', 'counter', 'counter', '<offer|counter|accept|reject>', '<offer|counter|accept|reject>', 'counter', 'counter', '<offer|counter|accept|reject>', '', 'counter', '<offer|counter|accept|reject>']","
      =================================================================================================
      Negotiation for: <2013 mercedes c250 *navigation* clean - $12,000>
      =================================================================================================
      	Buyer: i'm not willing to go that low.
	Seller: <the agent's message>
	Buyer: i can do $10500, but that's as
	Seller: i can do $11500, considering the item's
	Buyer: i can do $100
	Seller: i can do $180 given the item's
	Buyer: i can do $10500,
	Seller: <the agent's message>
	Buyer: i can offer $100 considering the
	Seller: i can do $11500
	Buyer: i can do $11,000
	Seller: <the agent's message>
	Buyer: 
	Seller: i can do $180 given
	Buyer: <the agent's message>
      ~~~~~~~~~~~~~~~~~~~~~~~~~~~~~~~~~~~~~~~~~~~~~~~~~~~~~~~~~~~~~~~~~~~~~~~~~~~~~~~~~~~~~~~~~~~~~~~~~
      Outcome: Rejected
      Agreed Price: N/A
      =================================================================================================
      ",,,,15,
19,e049bc9d-177f-4f9d-9cb2-d1f8c2562052,Unlocked Brand New Apple iphone 7 Plus 128GB Jet Black,"We have rose gold, matte black and gold color too.,This phone is unlocked. You can use the phones in all GSM SIM CARD carriers such as AT&T/T-Mobile or international",phone,780.0,717.0,780.0,Accepted,,"	Buyer: <the agent's message>
	Seller: <the agent's message>
	Buyer: <the agent's message>
	Seller: <the agent's message>
	Buyer: i can accept your offer but only if you
	Seller: i can do $150, but i can offer
	Buyer: i
","[-1.0, -1.0, -1.0, -1.0, -1.0, -1.0, -1.0]","['<offer|counter|accept|reject>', '<offer|counter|accept|reject>', '<offer|counter|accept|reject>', '<offer|counter|accept|reject>', 'counter', 'counter', 'accept']","
      =================================================================================================
      Negotiation for: <Unlocked Brand New Apple iphone 7 Plus 128GB Jet Black>
      =================================================================================================
      	Buyer: <the agent's message>
	Seller: <the agent's message>
	Buyer: <the agent's message>
	Seller: <the agent's message>
	Buyer: i can accept your offer but only if you
	Seller: i can do $150, but i can offer
	Buyer: i
      ~~~~~~~~~~~~~~~~~~~~~~~~~~~~~~~~~~~~~~~~~~~~~~~~~~~~~~~~~~~~~~~~~~~~~~~~~~~~~~~~~~~~~~~~~~~~~~~~~
      Outcome: Accepted
      Agreed Price: 780.0
      =================================================================================================
      ",-1.0,0.0,0.0,7,-0.1428571428571428
20,96dfb572-e670-47c4-93ee-5b933eada529,A 4 bedroom single family house for rent in central Fremont,"This is a single family house in an excellent condition. It will be available for move-in on July 2017. It's in a very nice and quiet community with great school district. Email me for viewing or further information. Thanks.,Huge living room and family room, plus 4 spacious bedrooms,2 generous bathrooms with bathtubs,Great school district (Oliveira elementary, Thornton junior high, American high),Few mins drive to Bart and Lucky and 99 Supermarkets",housing,3200.0,2432.0,3200.0,Rejected,,"	Buyer: i'd like to make an offer of $
	Seller: i can do $180 given the ---
	Buyer: <
	Seller: <the agent's message>
	Buyer: 
	Seller: i can't do $160
	Buyer: i can do $220 considering the excellent school
	Seller: <the agent's message>
	Buyer: <the agent's message>
	Seller: i can do $220 considering the excellent school
	Buyer: i can do $2000 considering the school
	Seller: i can do $180 given
	Buyer: i'd like to counter your offer of $2432
	Seller: <the agent
	Buyer: <the agent's message>
","[-1.0, -1.0, -1.0, -1.0, -1.0, -1.0, -1.0, -1.0, -1.0, -1.0, -1.0, -1.0, -1.0, -1.0, -1.0]","['offer', 'counter', '<offer|counter|accept|reject>', '<offer|counter|accept|reject>', 'reject', 'counter', 'offer', 'offer', '<offer|counter|accept|reject>', 'counter', 'counter', 'counter', 'counter', '<offer|counter|accept|reject>', '<offer|counter|accept|reject>']","
      =================================================================================================
      Negotiation for: <A 4 bedroom single family house for rent in central Fremont>
      =================================================================================================
      	Buyer: i'd like to make an offer of $
	Seller: i can do $180 given the ---
	Buyer: <
	Seller: <the agent's message>
	Buyer: 
	Seller: i can't do $160
	Buyer: i can do $220 considering the excellent school
	Seller: <the agent's message>
	Buyer: <the agent's message>
	Seller: i can do $220 considering the excellent school
	Buyer: i can do $2000 considering the school
	Seller: i can do $180 given
	Buyer: i'd like to counter your offer of $2432
	Seller: <the agent
	Buyer: <the agent's message>
      ~~~~~~~~~~~~~~~~~~~~~~~~~~~~~~~~~~~~~~~~~~~~~~~~~~~~~~~~~~~~~~~~~~~~~~~~~~~~~~~~~~~~~~~~~~~~~~~~~
      Outcome: Rejected
      Agreed Price: N/A
      =================================================================================================
      ",,,,15,
21,13b26856-64d4-4f72-8b6d-c975f9246fe5,2 x DJI Mavic Pro Original Battery / Batteries,- Selling 2 x Gently Used DJI Mavic Pro Batteries.,electronics,150.0,114.0,150.0,Accepted,150.0,"	Buyer: i can see that the item has some wear and tear
	Seller: i can offer $180 given the buyer's comment about
	Buyer: <the agent's message>
	Seller: 
	Buyer: i appreciate the offer, but i
	Seller: i can do $180, but
	Buyer: i accept your offer of $
","[-1.0, -1.0, -1.0, -1.0, -1.0, -1.0, -1.0]","['counter', 'counter', '<offer|counter|accept|reject>', '<offer|counter|accept|reject>', '<offer|counter|accept|reject>', 'counter', 'accept']","
      =================================================================================================
      Negotiation for: <2 x DJI Mavic Pro Original Battery / Batteries>
      =================================================================================================
      	Buyer: i can see that the item has some wear and tear
	Seller: i can offer $180 given the buyer's comment about
	Buyer: <the agent's message>
	Seller: 
	Buyer: i appreciate the offer, but i
	Seller: i can do $180, but
	Buyer: i accept your offer of $
      ~~~~~~~~~~~~~~~~~~~~~~~~~~~~~~~~~~~~~~~~~~~~~~~~~~~~~~~~~~~~~~~~~~~~~~~~~~~~~~~~~~~~~~~~~~~~~~~~~
      Outcome: Accepted
      Agreed Price: 150.0
      =================================================================================================
      ",-1.0,0.0,0.0,7,-0.14285714285714285
22,264a9baa-e234-496e-9570-f2f90d63a8c3,2016 Ibis Mojo HD3 for sale - Large,"Get ready for summer riding!,Immaculate condition, less than 100 miles.,Frame:  Carbon fiber,Color:  Matte Black,Fork: Fox Factory series Float 36,Shock: Fox Factory series Float EVOL,Shifter: Shimano XT Deore",bike,4200.0,3864.0,4200.0,Accepted,,"	Buyer: <
	Seller: i can do $2000.0.
	Buyer: <the agent's message>
	Seller: i can do $1900.0
	Buyer: <the agent's message>
	Seller: <the agent's message>
	Buyer: buy it for $1900.0
","[-1.0, -1.0, -1.0, -1.0, -1.0, -1.0, -1.0]","['<offer|counter|accept|reject>', 'counter', '<offer|counter|accept|reject>', 'counter', '<offer|counter|accept|reject>', '<offer|counter|accept|reject>', 'accept']","
      =================================================================================================
      Negotiation for: <2016 Ibis Mojo HD3 for sale - Large>
      =================================================================================================
      	Buyer: <
	Seller: i can do $2000.0.
	Buyer: <the agent's message>
	Seller: i can do $1900.0
	Buyer: <the agent's message>
	Seller: <the agent's message>
	Buyer: buy it for $1900.0
      ~~~~~~~~~~~~~~~~~~~~~~~~~~~~~~~~~~~~~~~~~~~~~~~~~~~~~~~~~~~~~~~~~~~~~~~~~~~~~~~~~~~~~~~~~~~~~~~~~
      Outcome: Accepted
      Agreed Price: 4200.0
      =================================================================================================
      ",-1.0,0.0,0.0,7,-0.1428571428571428
23,7f0e8e5a-e65e-4efd-bc00-fa638bd62e57,FASHION OPTICAL KIDS' FRAME DISPLAY,"This Fashion Optical Kids' Frame Display is in excellent condition,  It measures 75""H x 23.5""W x 9""D.  It has 3 fixed vertical bars each 36"", plus two wall-mountable bars each 20.5"".  Comes with 20 frame clips that can be moved from bar to bar and spaced in any configuration.  Additional frame clips available at Fashion Optical.  LED lighting is available for an additional fee.",furniture,49.0,45.0,49.0,Accepted,,"	Buyer: i accept your offer of $100.
",[-1.0],['accept'],"
      =================================================================================================
      Negotiation for: <FASHION OPTICAL KIDS' FRAME DISPLAY>
      =================================================================================================
      	Buyer: i accept your offer of $100.
      ~~~~~~~~~~~~~~~~~~~~~~~~~~~~~~~~~~~~~~~~~~~~~~~~~~~~~~~~~~~~~~~~~~~~~~~~~~~~~~~~~~~~~~~~~~~~~~~~~
      Outcome: Accepted
      Agreed Price: 49.0
      =================================================================================================
      ",-1.0,0.0,0.0,1,-1.0
24,95889926-0c1a-471c-861f-aa61dc965d55,2003 350z,2003 350z has 120k miles. JWT Clutch and flywheel installed 2 months ago. K&N long tube cold air intake with 5/16 motordyne spacer kit. Lowered on tein springs. New Michelin A/S sport plus tires installed at 109k. Maintenced every 3500 miles. Just selling because I'm looking for a work truck. 8900 OBO,car,8900.0,8188.0,8900.0,Rejected,,"	Buyer: i can offer $8500 considering the wear
	Seller: $180
	Buyer: i can do $8000, considering
	Seller: i can't do $8000, but i can
	Buyer: i'll start with a
	Seller: i can do $180, given the item
	Buyer: <the agent's message>
	Seller: i can do $180 given
	Buyer: <the agent's message>
	Seller: i can't do $8000, but
	Buyer: i'd be willing to meet you in the
	Seller: <the agent's message>
	Buyer: 
	Seller: 
	Buyer: 2003 350z has 120
","[-1.0, -1.0, -1.0, -1.0, -1.0, -1.0, -1.0, -1.0, -1.0, -1.0, -1.0, -1.0, -1.0, -1.0, -1.0]","['offer', 'counter', 'offer', 'counter', 'offer', 'counter', '<offer|counter|accept|reject>', 'counter', '<offer|counter|accept|reject>', 'counter', 'counter', '<offer|counter|accept|reject>', '', '<offer|counter|accept|reject>', 'offer']","
      =================================================================================================
      Negotiation for: <2003 350z>
      =================================================================================================
      	Buyer: i can offer $8500 considering the wear
	Seller: $180
	Buyer: i can do $8000, considering
	Seller: i can't do $8000, but i can
	Buyer: i'll start with a
	Seller: i can do $180, given the item
	Buyer: <the agent's message>
	Seller: i can do $180 given
	Buyer: <the agent's message>
	Seller: i can't do $8000, but
	Buyer: i'd be willing to meet you in the
	Seller: <the agent's message>
	Buyer: 
	Seller: 
	Buyer: 2003 350z has 120
      ~~~~~~~~~~~~~~~~~~~~~~~~~~~~~~~~~~~~~~~~~~~~~~~~~~~~~~~~~~~~~~~~~~~~~~~~~~~~~~~~~~~~~~~~~~~~~~~~~
      Outcome: Rejected
      Agreed Price: N/A
      =================================================================================================
      ",,,,15,
25,96e91a61-963a-4d0f-bd41-3f9c43aa8744,4 Cubicles for Sale,"Cubes for sale, 4 pack (2 deep, 2 wide). H:47, W:72, D:72.",furniture,400.0,240.0,400.0,Accepted,250.0,"	Buyer: <the agent's message>
	Seller: <the agent's message>
	Buyer: that's a bit lower than we were thinking
	Seller: i can do $180 given the item
	Buyer: i can offer $200 considering the
	Seller: <the agent's message>
	Buyer: <the agent's message>
	Seller: this item is priced competitively at $250
","[-1.0, -1.0, -1.0, -1.0, -1.0, -1.0, -1.0, -1.0]","['<offer|counter|accept|reject>', '<offer|counter|accept|reject>', 'counter', '<offer|counter|accept|reject>', 'counter', '<offer|counter|accept|reject>', '<offer|counter|accept|reject>', 'accept']","
      =================================================================================================
      Negotiation for: <4 Cubicles for Sale>
      =================================================================================================
      	Buyer: <the agent's message>
	Seller: <the agent's message>
	Buyer: that's a bit lower than we were thinking
	Seller: i can do $180 given the item
	Buyer: i can offer $200 considering the
	Seller: <the agent's message>
	Buyer: <the agent's message>
	Seller: this item is priced competitively at $250
      ~~~~~~~~~~~~~~~~~~~~~~~~~~~~~~~~~~~~~~~~~~~~~~~~~~~~~~~~~~~~~~~~~~~~~~~~~~~~~~~~~~~~~~~~~~~~~~~~~
      Outcome: Accepted
      Agreed Price: 400.0
      =================================================================================================
      ",0.875,0.375,0.125,8,0.109375
26,c88f8812-523c-404c-b12b-ea6507495419,Long board custom bilt from the board up,Hey there cl I have a long board for sale pretty much brand knew rode all together 4 or 5 times . The brand on the deck is a gravity skateboard. The brand of trucks are sidewinder 2sGuwuing.mini monster hawgs 70mm 78a Wheels with Swiss bones bearings brand new. Please no low ballers thank you and have a great day .,bike,200.0,184.0,200.0,Accepted,190.0,"	Buyer: considering the brand-new
	Seller: i can accept $195.00
","[-1.0, -1.0]","['counter', 'accept']","
      =================================================================================================
      Negotiation for: <Long board custom bilt from the board up>
      =================================================================================================
      	Buyer: considering the brand-new
	Seller: i can accept $195.00
      ~~~~~~~~~~~~~~~~~~~~~~~~~~~~~~~~~~~~~~~~~~~~~~~~~~~~~~~~~~~~~~~~~~~~~~~~~~~~~~~~~~~~~~~~~~~~~~~~~
      Outcome: Accepted
      Agreed Price: 200.0
      =================================================================================================
      ",0.25,0.05,0.75,2,0.125
27,74609904-d277-4a99-91db-848cc47b5000,MASI 3V Volumetrica CCCP 1990 BRAND NEW (NOS),"IRD Blackbird Modified / Thomson X2,Masi CroMoly / Record C,Record (36h) / DT Swiss / Velocity Deep V / Schwalbe Ultremo R,Rear Wheel / Hub / Rim / Tire:,Record (36h) / DT Swiss / Velocity Deep V / Schwalbe Ultremo R,Saddle / Seat Post:",bike,3450.0,2070.0,3450.0,Rejected,,"	Buyer: i appreciate your willingness to work with me.
	Seller: i can't do $150,
	Buyer: <the agent's message>
	Seller: i can offer $200.
	Buyer: i can offer $2650.0,
	Seller: <the agent's message>
	Buyer: <the agent's message>
	Seller: <the agent's message>
	Buyer: i can offer $2650.0
	Seller: the masi 3v v
	Buyer: i appreciate your willingness to
	Seller: i appreciate your willingness to
	Buyer: i can offer $2650.0 considering
	Seller: the masi 3v volumetric
	Buyer: <the agent's message>
","[-1.0, -1.0, -1.0, -1.0, -1.0, -1.0, -1.0, -1.0, -1.0, -1.0, -1.0, -1.0, -1.0, -1.0, -1.0]","['counter', '<offer|counter|accept|reject>', '<offer|counter|accept|reject>', 'counter', 'counter', '<offer|counter|accept|reject>', '<offer|counter|accept|reject>', '<offer|counter|accept|reject>', 'counter', 'counter', 'counter', 'counter', 'offer', 'counter', '<offer|counter|accept|reject>']","
      =================================================================================================
      Negotiation for: <MASI 3V Volumetrica CCCP 1990 BRAND NEW (NOS)>
      =================================================================================================
      	Buyer: i appreciate your willingness to work with me.
	Seller: i can't do $150,
	Buyer: <the agent's message>
	Seller: i can offer $200.
	Buyer: i can offer $2650.0,
	Seller: <the agent's message>
	Buyer: <the agent's message>
	Seller: <the agent's message>
	Buyer: i can offer $2650.0
	Seller: the masi 3v v
	Buyer: i appreciate your willingness to
	Seller: i appreciate your willingness to
	Buyer: i can offer $2650.0 considering
	Seller: the masi 3v volumetric
	Buyer: <the agent's message>
      ~~~~~~~~~~~~~~~~~~~~~~~~~~~~~~~~~~~~~~~~~~~~~~~~~~~~~~~~~~~~~~~~~~~~~~~~~~~~~~~~~~~~~~~~~~~~~~~~~
      Outcome: Rejected
      Agreed Price: N/A
      =================================================================================================
      ",,,,15,
28,88b0b813-3328-4d84-a6b9-fe3dbc639050,TREK JET 20 S for 5-10 Year Old Kid,"Fits 5-10 year old child depening on height,Single Speed",bike,100.0,76.0,100.0,Accepted,85.0,"	Buyer: i can offer $90.0 for
	Seller: i can't do $90
	Buyer: i can accept $85.0
","[-1.0, -1.0, -1.0]","['offer', 'counter', 'accept']","
      =================================================================================================
      Negotiation for: <TREK JET 20 S for 5-10 Year Old Kid>
      =================================================================================================
      	Buyer: i can offer $90.0 for
	Seller: i can't do $90
	Buyer: i can accept $85.0
      ~~~~~~~~~~~~~~~~~~~~~~~~~~~~~~~~~~~~~~~~~~~~~~~~~~~~~~~~~~~~~~~~~~~~~~~~~~~~~~~~~~~~~~~~~~~~~~~~~
      Outcome: Accepted
      Agreed Price: 100.0
      =================================================================================================
      ",0.25,0.15,0.75,3,0.08333333333333333
29,2064a51a-6395-4888-b8de-0bf65d43f2e9,"Bottom Floor, 2 Bd/2 Bth, Large Patio! Close to downtown, W.C. area!","Unwind in Your New Home Call Now:,114 Sharene Lane, Walnut creek, CA, 94596,http://rent.braddockandloganhomes.com/i0k029,This is a 2 Bedroom, 1 Bath, approximately 950 Sq. Ft.,Why look any more we have the Perfect home for you!!!Hurry they are going fast!! You will restore your energy so you can be doing the activities you enjoy. Make The Pines your next apartment home! Pets are also welcome!,- Private Patio,- Dishwasher,- Cable Ready,- Range (Electric/ Gas),- Air Conditioner (Window),- Heat (gas),- Microwave,- Large Closets",housing,2250.0,1350.0,2250.0,Accepted,,"	Buyer: i can offer $150 considering the flaws.
	Seller: i accept your offer of
","[-1.0, -1.0]","['offer', 'accept']","
      =================================================================================================
      Negotiation for: <Bottom Floor, 2 Bd/2 Bth, Large Patio! Close to downtown, W.C. area!>
      =================================================================================================
      	Buyer: i can offer $150 considering the flaws.
	Seller: i accept your offer of
      ~~~~~~~~~~~~~~~~~~~~~~~~~~~~~~~~~~~~~~~~~~~~~~~~~~~~~~~~~~~~~~~~~~~~~~~~~~~~~~~~~~~~~~~~~~~~~~~~~
      Outcome: Accepted
      Agreed Price: 2250.0
      =================================================================================================
      ",-1.0,0.0,0.0,2,-0.5
